result.match_id,result.radiant_win,result.duration,result.player_1_hero_id,result.player_2_hero_id,result.player_3_hero_id,result.player_4_hero_id,result.player_5_hero_id,result.player_6_hero_id,result.player_7_hero_id,result.player_8_hero_id,result.player_9_hero_id,result.player_10_hero_id
1729093401,FALSE,2549,73,27,86,8,7,41,36,60,30,25
1729093402,FALSE,2960,41,100,52,105,14,15,53,11,104,25
1729093430,TRUE,2580,104,51,46,21,55,68,44,70,57,74
1729093432,FALSE,2409,35,70,41,25,105,6,73,17,68,21
1729093433,FALSE,3272,112,9,25,21,2,98,101,22,71,8
1729093434,FALSE,3342,60,100,75,25,11,101,59,85,35,33
1729093435,TRUE,2177,8,89,14,46,75,53,1,63,21,71
1729093436,TRUE,2135,84,105,14,94,107,1,60,25,92,43
1729093437,TRUE,2380,54,48,106,100,5,97,17,20,42,57
1729093438,FALSE,1972,88,75,19,62,71,5,72,28,22,1
1729093439,FALSE,2165,1,5,9,99,14,75,55,21,57,39
1729093440,TRUE,2031,27,74,71,47,82,19,25,11,44,15
1729093442,TRUE,2966,99,19,86,17,75,52,47,104,14,58
1729093443,FALSE,2248,48,106,23,93,85,94,44,5,72,2
1729093507,TRUE,1500,52,71,100,12,45,56,111,9,72,90
1729093445,TRUE,2457,54,74,73,105,5,100,96,20,76,49
1729093446,FALSE,2118,19,73,4,69,58,35,54,44,14,6
1729093447,TRUE,2372,71,93,4,60,106,62,87,8,7,21
1729093448,TRUE,3728,12,39,5,44,59,6,69,49,47,4
1729093449,TRUE,2764,7,94,21,95,74,64,99,76,26,103
1729093450,TRUE,3543,98,44,86,91,21,35,14,39,4,25
1729093451,TRUE,3347,42,21,14,72,7,2,30,12,62,6
1729093453,FALSE,3179,9,104,101,98,76,15,105,61,25,56
1729093489,TRUE,3382,100,69,8,33,109,96,11,59,83,80
1729093490,TRUE,2124,14,104,99,81,25,5,22,68,49,86
1729093491,FALSE,2047,12,35,88,70,48,21,96,6,62,32
1729093492,TRUE,2112,14,84,26,39,102,41,60,52,35,106
1729093494,FALSE,3154,26,73,44,39,101,41,25,102,48,14
1729093495,TRUE,2647,86,19,31,52,67,11,17,101,39,62
1729093496,FALSE,2469,16,104,42,25,4,5,32,72,8,36
1729093497,TRUE,3607,93,74,14,105,50,39,46,2,51,12
1729093498,TRUE,2631,14,12,32,69,7,106,4,59,35,44
1729093499,FALSE,3008,84,101,15,28,17,88,100,110,44,63
1729093500,TRUE,1896,26,31,42,70,53,50,1,7,74,44
1729093503,FALSE,3406,12,7,100,11,75,33,17,77,112,23
1729093504,TRUE,2670,21,12,99,14,42,19,80,30,44,7
1729093505,FALSE,3016,18,88,17,7,100,44,6,19,86,72
1729093506,FALSE,3206,8,34,86,5,71,53,45,72,58,77
1729093508,FALSE,2868,72,62,14,48,53,23,25,32,49,15
1729093510,TRUE,2496,8,56,11,5,84,30,104,72,12,34
1729093528,FALSE,2335,17,104,30,18,83,87,57,32,100,75
1729093529,FALSE,2851,7,12,11,84,59,75,21,17,2,57
1729093530,FALSE,2753,68,6,107,39,54,92,41,15,33,25
1729093531,FALSE,1967,87,44,5,99,93,17,14,7,71,72
1729093532,FALSE,2856,16,5,83,97,104,7,4,21,12,44
1729093533,FALSE,2354,104,45,12,42,11,71,100,54,103,8
1729093534,TRUE,2183,11,26,102,87,72,105,84,62,8,5
1729093535,FALSE,2993,26,71,8,105,27,11,22,106,100,36
1729093536,TRUE,1757,86,14,18,12,70,35,7,106,8,29
1729093537,TRUE,2729,70,4,29,9,3,44,17,27,87,7
1729093538,FALSE,2832,42,17,86,48,10,75,54,100,1,74
1729093541,FALSE,2301,35,15,6,17,50,4,32,11,70,14
1729093542,TRUE,2750,12,4,21,55,11,85,26,72,7,106
1729093543,FALSE,2761,44,8,48,32,22,35,46,85,30,93
1729093544,FALSE,2174,12,80,45,38,53,4,89,58,16,50
1729093545,FALSE,1742,93,50,66,25,99,52,4,29,55,12
1729093546,FALSE,2423,35,30,27,41,14,21,59,74,47,4
1729093547,TRUE,1764,112,14,81,62,36,4,93,39,86,97
1729093568,FALSE,2938,32,94,2,50,53,1,48,30,62,71
1729093570,FALSE,3064,66,52,105,22,49,58,87,13,1,98
1729093572,FALSE,2100,26,17,50,28,59,30,107,93,101,29
1729093573,FALSE,3256,100,12,105,3,45,18,73,85,11,25
1729093574,TRUE,2987,84,27,25,1,17,93,34,10,75,16
1729093576,FALSE,3002,59,40,81,75,6,14,16,19,70,102
1729093577,TRUE,2175,63,33,11,91,51,17,19,72,20,98
1729093578,TRUE,1365,11,73,20,2,14,8,35,44,83,19
1729093579,TRUE,2140,52,105,4,96,62,14,80,93,22,74
1729093580,TRUE,3336,17,19,8,104,44,54,100,1,12,71
1729093581,TRUE,1607,72,105,50,100,25,8,85,75,39,52
1729093582,FALSE,1991,74,14,101,104,99,39,67,56,11,12
1729093583,TRUE,2324,34,43,4,1,50,25,23,41,100,53
1729093584,FALSE,3259,73,63,8,100,41,49,1,35,110,32
1729093585,FALSE,1693,33,18,53,32,74,44,13,36,2,83
1729093586,TRUE,1685,46,9,40,50,67,6,36,57,85,106
1729093587,TRUE,2223,97,82,42,20,17,72,25,6,81,9
1729093588,TRUE,2870,8,46,94,28,72,104,47,39,9,99
1729093591,TRUE,441,28,5,50,22,4,43,11,45,73,12
1729093609,FALSE,2534,55,26,12,105,22,7,100,21,89,42
1729093610,FALSE,2093,53,12,85,36,45,106,25,1,4,93
1729093611,FALSE,3356,45,44,5,32,36,62,56,14,67,52
1729093612,TRUE,2320,4,52,75,28,37,18,33,55,93,31
1729093613,TRUE,2731,21,52,81,104,4,97,14,34,59,62
1729093614,FALSE,2602,23,47,71,85,66,32,48,51,35,5
1729093616,TRUE,1524,8,42,32,21,25,51,99,2,110,84
1729093617,FALSE,4078,44,68,8,26,93,105,32,35,104,67
1729093620,TRUE,2253,48,16,112,90,18,39,56,104,93,92
1729093621,TRUE,3622,68,84,62,44,63,32,98,28,47,74
1729093622,TRUE,1900,112,61,99,73,62,101,25,53,29,42
1729093623,TRUE,1785,40,19,10,25,83,37,17,100,8,9
1729093624,FALSE,2690,87,106,19,7,43,41,74,101,93,4
1729093625,FALSE,2995,62,1,34,86,96,9,18,22,4,35
1729093626,FALSE,1061,43,71,37,89,25,107,106,11,21,14
1729093627,TRUE,1921,67,30,71,16,32,47,107,62,11,98
1729093629,TRUE,2488,101,5,36,99,63,93,64,57,98,84
1729093651,FALSE,2336,33,93,88,30,67,70,37,56,22,42
1729093652,TRUE,2669,4,19,63,15,31,12,60,9,21,20
1729093654,FALSE,3235,52,53,88,39,85,86,47,74,4,98
1729093655,TRUE,3351,75,93,62,7,94,39,14,101,19,71
1729093656,TRUE,2410,2,84,1,30,44,70,35,52,73,6
1729093657,TRUE,2599,72,110,97,11,28,70,26,101,12,39
1729093658,FALSE,3766,16,9,109,93,29,86,36,39,75,1
1729093659,TRUE,2877,62,7,48,28,11,94,4,22,21,52
1729093660,FALSE,933,4,47,83,17,12,43,18,23,34,75
1729093662,FALSE,2036,44,84,25,47,11,42,72,57,4,26
1729093663,TRUE,2102,103,47,51,96,95,106,36,49,13,25
1729093665,FALSE,3111,12,32,55,52,41,1,5,4,17,8
1729093666,TRUE,3419,14,36,35,105,49,8,41,9,48,17
1729093667,TRUE,2573,1,72,71,112,88,44,57,21,17,75
1729093668,FALSE,2669,59,26,85,44,74,29,8,99,54,19
1729093669,TRUE,3539,12,13,22,86,44,14,38,105,7,97
1729093671,TRUE,321,11,64,78,3,95,59,103,20,66,4
1729093693,TRUE,2256,42,75,73,81,65,100,28,13,15,11
1729093694,TRUE,2276,17,26,63,44,41,32,25,8,62,104
1729093695,FALSE,2570,27,4,69,11,1,39,42,54,25,17
1729093696,FALSE,1812,81,59,99,91,33,13,97,20,50,15
1729093697,TRUE,3452,102,95,4,56,62,23,57,77,26,25
1729093698,TRUE,2762,101,104,44,100,97,14,95,35,73,72
1729093699,TRUE,2561,4,100,25,21,7,35,65,23,74,105
1729093700,TRUE,2538,6,30,96,20,57,14,28,22,5,26
1729093703,TRUE,2577,12,29,39,32,43,60,100,25,14,62
1729093704,TRUE,1882,4,51,25,28,67,6,60,29,19,81
1729093705,FALSE,2149,41,83,0,89,3,26,38,88,32,69
1729093709,FALSE,2939,99,72,8,41,55,73,61,62,17,102
1729093710,FALSE,2951,35,70,12,69,25,71,2,26,32,61
1729093711,FALSE,3751,14,75,105,42,32,71,87,93,17,7
1729093712,TRUE,3497,104,7,60,49,14,82,102,16,57,75
1729093713,TRUE,1969,8,83,5,62,19,25,1,102,61,47
1729093714,FALSE,3329,94,47,22,1,102,34,18,32,4,52
1729093715,FALSE,2894,74,62,55,73,25,104,21,51,13,44
1729093716,FALSE,2796,2,26,25,6,49,56,7,106,57,16
1729093717,FALSE,1820,25,8,72,21,23,22,99,30,12,45
1729093718,TRUE,2164,105,101,14,56,8,75,78,4,63,76
1729093738,TRUE,2658,12,30,39,14,75,74,17,18,32,44
1729093739,FALSE,2616,52,71,12,21,23,88,17,55,1,104
1729093740,FALSE,2479,29,4,34,93,1,8,31,39,99,101
1729093741,FALSE,3013,8,62,17,72,75,100,18,56,21,93
1729093742,TRUE,1947,8,22,2,70,94,110,27,29,6,82
1729093743,FALSE,385,28,42,49,25,88,96,81,23,105,36
1729093746,FALSE,3809,74,53,83,92,6,106,12,97,105,90
1729093747,FALSE,2965,32,17,44,78,72,84,89,93,7,102
1729093748,TRUE,1240,30,9,14,21,58,28,70,4,35,6
1729093749,TRUE,1946,112,72,51,47,30,10,59,91,101,105
1729093751,FALSE,2059,71,16,61,14,47,22,4,19,94,43
1729093752,FALSE,2296,39,3,56,98,78,81,99,71,32,28
1729093753,TRUE,2071,2,36,7,11,28,44,30,39,62,33
1729093755,TRUE,2044,4,93,9,39,71,6,41,109,112,26
1729093770,TRUE,2221,21,94,7,2,22,12,62,95,64,18
1729093772,FALSE,1859,41,106,86,103,44,71,96,104,47,6
1729093773,FALSE,2553,36,14,73,17,22,11,68,23,1,39
1729093774,FALSE,1524,26,54,39,12,62,106,7,61,11,104
1729093775,FALSE,3016,42,14,11,48,20,2,43,106,21,9
1729093777,FALSE,3434,77,27,34,40,101,71,85,14,45,56
1729093778,TRUE,2151,14,4,7,36,5,33,85,97,1,25
1729093779,TRUE,3501,47,31,93,16,26,21,36,29,32,8
1729093780,FALSE,2464,16,72,75,77,98,42,7,28,12,63
1729093781,FALSE,2676,56,4,57,17,26,22,36,29,107,42
1729093782,TRUE,2648,101,59,74,97,54,75,11,4,105,67
1729093783,FALSE,2458,61,47,69,76,71,11,100,30,106,25
1729093785,FALSE,2964,21,61,25,28,55,42,106,36,85,30
1729093787,FALSE,3003,18,17,56,105,35,25,49,104,22,75
1729093788,TRUE,2206,72,27,4,42,26,46,21,6,86,31
1729093789,TRUE,2152,72,88,73,81,57,101,49,61,8,1
1729093790,FALSE,1996,70,34,93,30,14,44,62,90,104,35
1729093791,TRUE,2497,4,11,42,59,6,84,32,51,72,7
1729093792,TRUE,1589,4,105,34,102,104,12,22,41,8,3
1729093794,FALSE,3171,39,63,30,28,36,77,7,105,93,82
1729093795,TRUE,3033,86,8,69,17,99,1,25,7,98,11
1729093814,FALSE,2583,29,73,105,18,39,8,76,22,99,101
1729093815,TRUE,2558,86,35,7,42,23,4,39,29,109,112
1729093816,TRUE,3399,100,14,84,67,25,104,7,1,2,30
1729093817,FALSE,3171,62,39,75,8,88,7,17,23,14,25
1729093818,TRUE,3816,7,1,74,12,106,19,25,20,32,31
1729093819,FALSE,2602,73,1,26,34,55,14,37,67,100,42
1729093820,TRUE,2442,33,5,1,42,25,59,99,11,8,27
1729093821,TRUE,2403,29,52,72,25,42,1,99,62,17,22
1729093823,TRUE,2516,104,17,26,71,14,54,2,46,36,55
1729093825,FALSE,2810,11,73,62,4,13,104,44,35,32,14
1729093826,FALSE,3111,1,4,14,41,60,32,82,8,27,62
1729093830,TRUE,2176,9,44,86,36,5,105,99,14,46,94
1729093832,TRUE,1675,8,52,62,10,86,17,85,25,36,56
1729093833,FALSE,2461,32,71,62,17,112,20,44,21,49,101
1729093834,FALSE,2661,31,52,17,61,57,28,18,72,43,49
1729093836,FALSE,3277,11,22,7,97,26,85,29,17,1,33
1729093837,TRUE,3335,52,36,35,59,1,93,84,12,13,34
1729093838,FALSE,2279,5,59,4,58,25,14,15,110,50,81
1729093839,FALSE,1499,104,14,25,8,39,42,98,1,70,86
1729093841,FALSE,3501,51,39,61,16,72,73,7,104,2,106
1729093842,FALSE,2133,44,25,56,86,96,11,100,17,63,112
1729093865,FALSE,1958,75,72,46,99,27,26,7,60,12,74
1729093868,FALSE,2038,74,106,51,35,52,57,11,62,36,77
1729093869,FALSE,927,94,83,106,101,89,67,32,71,62,48
1729093870,TRUE,1983,52,8,29,2,88,26,101,46,94,65
1729093872,TRUE,1953,71,70,85,27,8,32,4,14,6,28
1729093873,TRUE,2159,104,34,40,105,9,11,32,84,106,1
1729093874,TRUE,2545,73,52,84,14,100,34,50,16,88,94
1729093875,FALSE,3095,70,21,42,14,44,30,59,48,95,28
1729093876,FALSE,2055,21,61,72,53,20,1,52,75,71,11
1729093877,TRUE,2473,74,7,6,28,52,17,97,71,21,86
1729093878,TRUE,2026,14,16,26,4,17,86,34,99,102,39
1729093879,FALSE,1854,4,57,43,36,18,33,78,6,93,31
1729093880,FALSE,1805,85,77,21,45,59,5,110,71,14,70
1729093902,FALSE,2845,51,48,13,26,68,72,62,17,103,5
1729093903,FALSE,3432,4,27,93,11,86,8,21,23,71,25
1729093904,FALSE,1948,77,97,86,47,41,83,111,85,62,99
1729093905,FALSE,2225,11,55,94,21,75,1,62,25,2,57
1729093906,FALSE,2212,57,36,54,73,44,45,59,32,17,22
1729093907,TRUE,4054,99,7,94,22,36,62,11,67,51,42
1729093908,TRUE,2358,17,32,71,88,74,56,62,21,94,7
1729093909,TRUE,1547,41,94,106,27,53,35,7,21,2,32
1729093911,TRUE,2297,59,107,33,32,31,88,86,21,25,81
1729093913,FALSE,2119,17,42,74,90,14,9,11,12,98,86
1729093914,FALSE,3991,105,3,14,42,1,41,8,39,63,45
1729093915,TRUE,2631,93,110,106,18,30,25,7,61,6,26
1729093917,FALSE,2124,30,42,58,12,17,4,107,31,35,11
1729093919,FALSE,1469,41,4,2,57,10,105,74,86,70,8
1729093920,TRUE,2570,88,4,21,57,44,62,30,17,74,19
1729093921,FALSE,2238,8,39,93,29,51,81,2,64,4,96
1729093922,FALSE,1604,35,11,2,37,78,21,56,77,14,100
1729093923,FALSE,1651,5,54,98,95,14,6,20,63,100,49
1729093925,FALSE,2095,57,54,35,22,85,62,36,47,14,7
1729093926,FALSE,2423,1,33,14,81,70,35,57,32,56,4
1729093949,FALSE,2835,106,103,111,12,30,1,104,53,25,26
1729093950,TRUE,1507,19,17,6,55,48,14,85,12,41,65
1729093951,TRUE,2315,90,51,62,12,52,22,8,58,17,56
1729093952,TRUE,2800,53,25,31,48,5,44,59,64,7,71
1729093953,FALSE,2774,39,59,17,67,4,8,2,98,7,1
1729093954,FALSE,2484,81,4,47,48,62,14,70,95,54,32
1729093955,FALSE,3074,33,48,71,62,8,19,11,53,26,4
1729093956,TRUE,1983,8,11,36,12,14,44,78,52,39,71
1729093957,FALSE,2718,101,72,34,44,75,70,54,17,50,71
1729093959,TRUE,2048,6,82,38,33,75,7,26,104,20,83
1729093960,FALSE,2005,14,40,48,6,19,7,81,16,18,47
1729093973,FALSE,3203,65,98,12,25,88,62,21,6,2,44
1729093974,FALSE,2478,29,8,47,75,74,68,112,39,1,51
1729093976,TRUE,2673,100,80,40,74,6,11,65,109,46,75
1729093977,FALSE,2576,10,4,34,74,86,14,1,39,104,9
1729093978,FALSE,3247,60,112,10,56,21,34,90,102,46,62
1729093979,TRUE,2636,4,68,17,25,47,1,11,102,31,112
1729093982,TRUE,1940,39,105,12,7,72,4,52,112,71,62
1729093983,FALSE,2596,44,17,80,25,33,101,67,4,6,16
1729093984,FALSE,3363,21,100,7,93,71,8,62,75,87,18
1729093985,FALSE,1725,77,82,86,43,89,47,55,28,53,8
1729093986,TRUE,1970,85,49,93,106,86,84,79,19,40,4
1729093987,TRUE,3376,11,106,86,56,47,9,70,30,75,72
1729093989,TRUE,2669,32,57,1,55,97,52,105,25,28,2
1729093991,FALSE,1977,46,83,106,74,85,17,21,44,52,105
1729094010,FALSE,2032,13,97,94,6,23,19,4,14,87,44
1729094011,TRUE,1441,107,47,33,106,21,26,4,19,25,67
1729094012,FALSE,2913,40,39,2,51,67,17,27,93,5,41
1729094014,FALSE,165,62,26,96,25,32,47,40,21,54,71
1729094015,TRUE,2650,7,14,21,62,1,22,72,16,10,52
1729094016,TRUE,1171,110,14,1,74,59,63,105,54,83,6
1729094017,TRUE,2824,72,71,22,25,31,32,7,63,100,12
1729094018,TRUE,2794,72,22,15,50,42,57,38,47,1,3
1729094020,FALSE,2557,63,51,8,58,26,14,74,70,43,4
1729094021,TRUE,1981,11,32,1,54,5,74,30,62,26,70
1729094022,TRUE,2556,13,21,98,77,74,97,1,14,37,111
1729094023,TRUE,3256,47,41,35,14,70,32,21,67,20,25
1729094024,TRUE,2543,1,75,23,21,43,39,63,104,27,44
1729094038,TRUE,3539,71,94,7,14,100,28,68,61,16,1
1729094039,FALSE,2691,85,72,17,7,5,39,75,97,86,4
1729094040,FALSE,2770,105,85,13,93,78,28,101,54,68,46
1729094041,FALSE,2788,106,36,93,50,92,18,11,72,57,9
1729094044,TRUE,1509,80,95,6,20,48,37,32,23,111,2
1729094045,TRUE,2935,1,51,89,68,17,59,86,34,70,93
1729094047,TRUE,1690,77,9,22,11,102,29,25,73,48,96
1729094048,FALSE,2695,55,33,18,99,7,54,6,74,35,5
1729094049,FALSE,2941,44,4,25,2,33,5,47,16,29,62
1729094050,TRUE,2921,6,44,104,32,50,17,34,7,95,41
1729094051,FALSE,2866,27,11,40,22,105,14,53,2,110,69
1729094052,FALSE,3104,39,109,51,78,42,72,59,82,111,76
1729094053,FALSE,2863,8,60,107,22,52,98,109,63,41,102
1729094077,TRUE,2203,25,4,59,74,6,44,1,102,34,12
1729094078,TRUE,1904,1,97,62,14,5,93,74,75,71,32
1729094080,FALSE,2367,3,11,41,84,7,4,97,14,105,30
1729094081,FALSE,2986,52,56,14,4,62,32,50,43,93,70
1729094082,FALSE,3444,11,35,112,62,100,20,8,30,74,32
1729094083,FALSE,2303,100,106,93,11,48,81,85,25,14,35
1729094085,FALSE,2603,1,102,22,36,48,73,49,25,9,68
1729094086,TRUE,371,105,25,30,76,101,60,75,96,5,54
1729094088,TRUE,2741,28,14,9,72,12,32,86,60,15,41
1729094090,TRUE,2462,7,22,72,62,56,8,25,86,17,95
1729094091,TRUE,1858,11,9,19,105,87,33,71,54,74,4
1729094092,FALSE,3577,71,101,17,105,47,97,62,4,100,22
1729094115,TRUE,2306,44,59,100,14,21,4,41,39,32,13
1729094116,FALSE,2543,9,17,69,31,86,60,72,85,11,2
1729094117,TRUE,1738,4,52,12,8,90,68,59,35,56,5
1729094118,FALSE,2551,62,69,22,85,48,4,72,17,35,21
1729094119,TRUE,1847,33,97,17,36,4,86,57,21,1,73
1729094121,FALSE,3981,44,96,32,30,72,71,81,87,62,26
1729094122,FALSE,1978,88,74,66,75,15,61,30,91,104,2
1729094123,FALSE,2945,11,21,86,100,51,25,7,106,29,22
1729094124,FALSE,2716,44,96,3,53,106,56,100,62,11,64
1729094125,FALSE,2829,93,36,5,7,44,12,31,4,56,82
1729094127,TRUE,1847,39,82,20,7,78,102,99,22,90,65
1729094137,FALSE,2781,75,13,72,4,88,17,9,93,62,50
1729094138,FALSE,2157,65,17,11,4,18,48,6,59,22,99
1729094139,FALSE,3423,41,52,66,36,43,75,95,4,7,69
1729094140,FALSE,4179,106,5,52,49,2,72,97,39,25,71
1729094143,TRUE,4014,11,109,90,75,100,105,72,7,110,17
1729094145,TRUE,3027,14,4,100,18,110,74,32,85,12,54
1729094146,FALSE,1560,51,107,52,93,56,55,21,2,74,96
1729094149,FALSE,3107,75,6,70,2,71,15,77,39,61,102
1729094173,TRUE,3458,2,8,15,21,29,62,26,17,90,4
1729094174,FALSE,2914,7,72,22,95,57,23,62,17,42,25
1729094175,FALSE,2971,39,41,86,46,67,18,97,37,84,87
1729094176,TRUE,2135,54,51,34,63,100,4,23,26,25,97
1729094178,FALSE,3092,38,10,64,109,111,78,4,1,33,7
1729094179,FALSE,3681,106,74,87,7,107,11,32,82,13,9
1729094180,FALSE,1284,47,14,109,31,59,60,6,54,95,70
1729094181,TRUE,2392,104,17,50,45,1,36,70,103,74,57
1729094182,TRUE,2811,37,69,38,64,70,94,39,41,107,7
1729094183,TRUE,3912,25,12,17,86,69,101,75,72,7,52
1729094184,TRUE,2916,74,73,32,99,54,62,63,26,39,59
1729094185,FALSE,3234,99,102,20,19,53,18,14,71,39,30
1729094186,TRUE,2511,36,52,92,61,30,55,32,99,75,90
1729094187,FALSE,2855,66,73,100,90,55,57,4,10,17,71
1729094188,FALSE,2816,21,52,17,12,68,85,104,84,25,67
1729094189,TRUE,2517,6,56,82,45,3,69,9,80,48,20
1729094197,FALSE,1755,66,92,107,86,41,21,62,17,7,1
1729094209,FALSE,2579,63,109,60,10,23,19,71,26,61,48
1729094210,FALSE,2363,72,16,76,2,93,44,53,32,4,21
1729094211,FALSE,2443,38,85,13,86,71,88,19,37,84,70
1729094212,TRUE,1865,42,33,27,100,14,62,25,54,32,59
1729094214,FALSE,2823,52,86,14,36,56,41,26,71,28,76
1729094215,FALSE,2879,4,2,17,7,93,9,19,26,39,36
1729094216,TRUE,2788,50,53,109,71,21,98,34,22,46,93
1729094217,TRUE,2539,100,21,6,52,28,18,11,50,90,72
1729094218,TRUE,2049,39,2,14,44,100,86,71,62,8,77
1729094219,FALSE,2639,12,38,71,17,27,75,54,94,95,7
1729094220,TRUE,2838,83,93,112,54,6,3,31,15,43,78
1729094223,TRUE,2605,93,100,50,9,14,44,64,16,11,105
1729094224,FALSE,2568,62,98,52,44,26,5,70,72,25,9
1729094225,TRUE,3329,62,84,39,99,102,46,52,14,13,112
1729094226,FALSE,3447,63,25,90,36,22,39,20,35,21,110
1729094227,FALSE,2482,12,9,74,86,65,41,55,25,103,21
1729094246,FALSE,2530,39,22,21,4,62,32,105,56,17,37
1729094247,FALSE,2374,41,12,106,88,58,17,86,6,19,78
1729094248,FALSE,2769,4,62,104,6,53,22,32,30,48,21
1729094249,FALSE,3024,6,21,100,35,104,14,22,32,4,99
1729094250,TRUE,2986,17,32,13,68,12,7,21,35,39,1
1729094251,TRUE,2897,58,11,99,68,100,27,45,59,54,44
1729094256,TRUE,1817,63,100,41,87,49,29,65,42,4,101
1729094257,TRUE,2495,105,14,101,72,13,82,10,67,31,7
1729094258,TRUE,1507,57,94,46,65,88,22,104,111,109,87
1729094260,FALSE,1693,58,74,26,10,21,40,12,25,17,20
1729094261,TRUE,1744,59,74,82,8,13,105,2,32,19,41
1729094262,TRUE,2076,4,9,86,11,53,17,36,62,102,41
1729094263,FALSE,1736,9,75,57,104,63,44,86,85,47,71
1729094264,FALSE,723,76,96,64,84,69,94,26,104,37,55
1729094265,TRUE,1808,88,34,99,46,74,26,44,22,111,49
1729094289,FALSE,3264,35,14,21,46,43,42,32,96,47,27
1729094290,FALSE,2077,97,53,15,21,47,55,42,22,101,7
1729094292,FALSE,2197,19,7,25,45,21,110,75,46,18,48
1729094293,TRUE,3292,73,21,16,11,17,74,71,62,81,28
1729094294,FALSE,3516,11,93,30,9,3,52,112,12,81,86
1729094296,TRUE,1894,1,51,100,23,12,4,81,70,11,0
1729094297,FALSE,3024,104,11,86,102,93,70,23,41,30,48
1729094299,FALSE,5183,29,26,39,72,101,96,50,7,6,17
1729094300,FALSE,2139,95,22,49,2,89,19,85,48,58,25
1729094301,FALSE,4905,100,5,68,74,17,44,99,39,84,26
1729094302,TRUE,3344,51,100,17,57,67,71,14,70,27,7
1729094303,TRUE,2851,16,41,53,21,38,79,109,60,9,75
1729094334,FALSE,1842,28,92,6,49,14,4,32,59,80,22
1729094335,TRUE,1743,37,42,84,104,59,1,41,4,48,2
1729094336,FALSE,1979,21,93,101,87,56,17,44,51,7,62
1729094338,FALSE,2408,6,62,105,35,74,32,111,1,4,84
1729094339,FALSE,2455,5,63,12,109,41,102,16,72,9,106
1729094340,FALSE,2588,107,90,74,64,93,54,78,97,39,95
1729094342,FALSE,1792,17,9,62,51,72,32,39,75,52,26
1729094343,FALSE,2593,25,21,104,17,8,30,74,93,27,1
1729094344,TRUE,2859,36,12,64,88,51,72,4,105,7,17
1729094345,TRUE,2035,49,110,17,106,62,36,70,1,71,23
1729094349,FALSE,3343,86,26,18,60,42,11,2,58,67,79
1729094351,TRUE,2977,22,75,1,51,2,7,26,6,62,9
1729094352,FALSE,2678,41,64,98,22,99,17,25,32,31,62
1729094353,FALSE,2551,39,19,21,45,85,62,105,68,11,61
1729094354,TRUE,1962,75,36,104,64,85,18,15,43,62,19
1729094356,FALSE,2660,35,11,16,84,93,39,53,36,67,2
1729094359,FALSE,2471,62,106,73,99,25,22,9,1,100,104
1729094360,FALSE,3008,95,73,84,20,98,90,26,49,13,0
1729094362,TRUE,2281,62,17,14,25,105,73,60,54,63,4
1729094390,TRUE,2205,14,7,8,52,21,45,11,107,41,71
1729094391,FALSE,2394,4,18,73,86,98,99,17,105,61,41
1729094392,TRUE,1990,36,112,60,47,29,10,27,19,1,5
1729094393,TRUE,1965,61,14,94,44,8,70,12,25,41,17
1729094394,TRUE,177,106,97,20,18,68,42,17,7,26,59
1729094395,TRUE,1939,112,9,106,4,51,11,63,30,85,37
1729094396,TRUE,1599,4,93,14,7,52,53,9,67,29,46
1729094397,TRUE,4423,32,59,41,25,17,101,44,9,36,71
1729094398,FALSE,2757,105,109,11,93,44,21,14,39,45,104
1729094399,TRUE,1398,94,112,45,33,21,77,49,80,79,35
1729094402,FALSE,2785,13,59,32,11,71,73,2,70,105,41
1729094403,FALSE,3053,30,16,43,1,14,96,44,12,84,86
1729094404,TRUE,3214,8,53,13,14,60,75,22,96,36,4
1729094405,TRUE,3087,19,59,56,20,25,42,46,14,86,95
1729094423,TRUE,2918,44,105,70,51,6,37,71,62,82,78
1729094425,FALSE,3975,71,85,14,15,93,68,8,49,22,4
1729094426,TRUE,1928,38,25,9,8,100,34,35,28,36,21
1729094427,TRUE,3230,11,4,20,93,22,62,35,14,87,7
1729094428,TRUE,1570,56,40,28,58,104,23,22,32,47,18
1729094429,FALSE,1658,39,104,8,74,35,14,101,71,4,96
1729094430,FALSE,2298,62,70,88,46,107,63,75,7,78,42
1729094431,FALSE,1524,106,104,63,51,49,103,27,26,52,75
1729094432,TRUE,2403,4,30,106,57,47,8,14,74,26,70
1729094434,FALSE,2904,7,57,1,50,28,26,6,2,61,25
1729094435,TRUE,3743,12,26,32,106,62,5,79,9,60,19
1729094436,TRUE,2335,50,17,44,2,6,35,106,21,34,14
1729094437,TRUE,2527,26,54,71,2,11,37,73,29,23,72
1729094439,TRUE,1928,48,5,104,14,46,4,100,78,74,42
1729094440,TRUE,2922,30,71,35,9,89,44,14,54,12,11
1729094441,TRUE,1915,100,8,82,97,36,73,17,86,1,14
1729094442,TRUE,1868,15,42,70,6,14,74,11,23,71,54
1729094453,TRUE,1556,2,100,74,73,86,21,19,43,47,4
1729094454,FALSE,3386,80,78,106,55,21,63,48,35,97,59
1729094455,FALSE,3529,21,46,28,23,53,36,99,29,47,11
1729094456,TRUE,2797,71,101,7,4,31,14,12,6,52,40
1729094457,TRUE,3190,46,62,7,48,44,105,52,53,72,50
1729094458,TRUE,2160,18,59,110,100,21,4,47,26,93,72
1729094459,FALSE,2039,16,21,73,91,34,60,7,14,25,1
1729094460,FALSE,3025,41,4,35,112,21,105,96,8,100,14
1729094461,FALSE,3256,53,44,86,11,42,1,85,15,7,93
1729094463,TRUE,2717,86,94,107,34,32,22,71,10,89,41
1729094464,TRUE,1375,7,42,59,25,1,23,35,81,16,37
1729094466,FALSE,2449,7,22,35,4,14,105,100,9,44,17
1729094467,TRUE,1844,93,100,21,3,42,41,46,97,110,30
1729094468,FALSE,2073,7,11,31,35,28,75,5,86,2,4
1729094469,TRUE,1393,6,11,8,75,30,111,21,99,43,47
1729094470,FALSE,2606,83,39,17,62,21,104,26,14,57,34
1729094471,TRUE,2385,12,8,52,56,101,20,23,6,18,14
1729094473,FALSE,2451,35,49,39,7,48,54,12,5,14,62
1729094474,FALSE,2779,44,40,62,11,2,93,100,56,110,4
1729094475,TRUE,2167,44,58,67,12,95,7,14,1,2,98
1729094476,TRUE,3841,35,101,57,42,8,105,28,60,44,25
1729094477,TRUE,2157,28,56,59,17,74,91,19,53,51,75
1729094497,TRUE,2055,55,3,90,104,4,25,99,71,93,75
1729094498,TRUE,3296,8,2,10,12,37,46,110,44,59,50
1729094500,FALSE,2777,35,4,9,32,47,67,14,44,10,22
1729094501,TRUE,2098,101,44,25,5,97,104,62,84,102,17
1729094502,FALSE,3391,74,105,1,98,21,49,35,95,99,69
1729094505,TRUE,4241,59,44,14,37,9,74,2,110,100,51
1729094506,TRUE,3001,88,5,62,93,17,32,75,100,86,46
1729094507,TRUE,2875,105,96,81,12,17,33,106,101,65,62
1729094508,FALSE,2717,72,1,49,15,26,67,48,14,7,97
1729094509,TRUE,2166,21,6,57,62,99,1,39,59,84,27
1729094527,FALSE,3987,53,23,112,42,11,48,14,1,110,80
1729094528,FALSE,2430,42,106,13,30,105,12,11,64,86,74
1729094529,FALSE,2621,5,54,35,7,32,4,47,30,23,62
1729094530,TRUE,2590,15,12,62,25,26,11,105,30,71,72
1729094531,FALSE,3043,26,44,8,59,29,27,21,25,1,17
1729094532,TRUE,4055,88,76,47,22,112,11,73,55,86,72
1729094533,TRUE,1957,72,11,30,5,18,57,12,86,74,75
1729094534,FALSE,3303,104,78,26,6,96,77,67,47,81,63
1729094535,FALSE,3687,17,14,26,2,18,74,99,67,36,92
1729094536,FALSE,561,38,53,74,90,11,3,35,49,23,22
1729094537,FALSE,3614,62,93,44,4,15,96,7,25,32,22
1729094538,FALSE,2595,11,63,72,30,4,104,74,51,16,22
1729094540,FALSE,2954,29,1,11,44,56,7,49,15,21,81
1729094573,FALSE,2474,97,17,8,75,12,106,93,98,71,21
1729094574,TRUE,1888,11,50,4,26,36,82,7,61,71,72
1729094575,FALSE,2633,16,34,100,84,93,54,46,47,104,32
1729094576,TRUE,1442,60,5,74,29,102,17,47,54,7,33
1729094577,FALSE,2456,7,6,30,12,70,22,1,36,25,93
1729094579,TRUE,3096,18,63,6,69,20,94,70,80,14,75
1729094580,FALSE,2385,2,25,84,11,71,82,46,7,12,8
1729094583,TRUE,346,8,87,103,51,99,66,15,50,29,106
1729094584,FALSE,2439,98,6,44,14,41,28,71,1,17,33
1729094585,TRUE,1456,47,22,75,50,84,70,42,44,30,104
1729094586,FALSE,3625,22,44,32,61,15,48,8,81,20,105
1729094587,TRUE,1650,47,60,45,112,52,109,67,9,77,28
1729094609,FALSE,2972,73,82,71,21,84,34,1,7,16,72
1729094610,TRUE,2227,67,28,102,55,36,105,44,98,8,33
1729094611,TRUE,2158,36,32,44,27,98,14,93,21,8,6
1729094612,TRUE,3065,44,28,1,97,76,22,13,52,99,32
1729094613,TRUE,2531,93,98,2,59,87,28,30,21,52,62
1729094614,TRUE,2194,18,101,5,68,8,14,56,19,42,1
1729094615,TRUE,1680,56,86,57,51,44,22,14,104,74,36
1729094616,FALSE,2476,14,39,59,2,16,22,6,99,30,8
1729094617,FALSE,3823,11,44,7,2,30,13,26,6,64,21
1729094618,TRUE,1689,14,44,12,4,35,62,34,17,18,32
1729094619,FALSE,2217,1,25,23,43,51,8,31,26,101,15
1729094622,FALSE,2729,101,21,9,67,104,44,26,1,34,33
1729094623,TRUE,1949,31,44,6,70,100,2,8,45,4,35
1729094624,FALSE,2408,96,44,100,74,88,87,69,71,50,98
1729094625,TRUE,2434,71,99,86,22,35,5,104,21,14,49
1729094626,FALSE,2620,26,25,93,17,22,5,14,85,4,57
1729094627,FALSE,2724,2,76,6,90,19,20,7,46,12,97
1729094650,TRUE,3198,62,104,59,71,22,29,67,4,21,25
1729094651,FALSE,2498,35,7,14,75,8,54,44,86,42,53
1729094653,TRUE,3800,22,7,86,39,93,72,11,31,62,51
1729094654,FALSE,3060,73,26,99,86,25,17,105,14,23,46
1729094656,FALSE,2839,7,72,46,21,75,65,1,17,16,44
1729094657,FALSE,4329,8,44,7,53,25,10,86,105,14,51
1729094658,FALSE,4188,35,4,100,22,62,12,14,53,19,63
1729094659,TRUE,2256,102,42,5,8,6,95,25,104,10,74
1729094661,FALSE,3840,49,7,105,69,17,106,21,67,42,79
1729094662,TRUE,1704,88,32,102,28,21,18,70,44,22,39
1729094664,TRUE,3488,72,19,25,8,32,80,31,12,23,7
1729094666,FALSE,2645,76,90,53,4,22,25,100,105,14,72
1729094694,TRUE,2040,8,102,22,57,7,35,104,52,9,21
1729094695,TRUE,2125,25,39,85,100,47,21,110,12,23,5
1729094696,TRUE,1870,47,8,11,20,62,17,73,13,2,75
1729094697,TRUE,2911,49,35,50,90,71,104,60,22,67,17
1729094698,TRUE,2578,4,85,7,72,25,21,86,93,52,51
1729094699,FALSE,2546,1,76,82,39,11,6,12,74,89,14
1729094700,TRUE,2404,22,25,70,44,21,18,51,62,53,46
1729094701,TRUE,2645,6,18,7,9,74,25,104,53,82,16
1729094703,FALSE,2698,21,62,52,14,44,74,41,75,16,63
1729094704,FALSE,2815,50,4,99,22,11,1,2,34,62,42
1729094705,TRUE,2199,68,63,17,28,59,74,6,7,62,41
1729094706,TRUE,2661,7,1,98,89,74,14,75,2,82,102
1729094707,FALSE,732,52,56,12,32,50,96,47,17,61,99
1729094709,FALSE,2044,75,100,1,17,84,46,71,7,74,99
1729094710,FALSE,2280,1,74,25,35,7,88,30,34,48,59
1729094729,FALSE,2175,105,39,21,100,1,14,8,4,60,52
1729094730,FALSE,4076,5,29,12,102,14,16,39,21,41,91
1729094731,TRUE,2699,21,2,14,100,32,7,107,11,39,106
1729094732,TRUE,2347,7,96,93,52,89,8,102,11,92,4
1729094733,FALSE,829,86,0,106,45,42,76,30,11,74,48
1729094734,FALSE,2133,94,50,62,53,75,7,84,49,11,72
1729094735,FALSE,1977,35,69,4,15,99,6,25,50,18,26
1729094736,FALSE,2895,21,69,106,28,61,23,100,14,93,48
1729094738,FALSE,3580,44,4,18,57,35,6,54,83,89,26
1729094739,TRUE,2118,100,88,36,50,59,97,46,25,9,4
1729094740,FALSE,3440,16,95,7,52,106,17,72,33,42,36
1729094741,FALSE,3390,39,12,25,80,4,9,93,45,17,42
1729094742,TRUE,3661,12,17,32,21,7,104,106,86,16,25
1729094743,FALSE,2262,58,26,86,34,44,32,48,14,39,7
1729094744,FALSE,1821,7,22,33,100,51,14,105,19,53,6
1729094745,FALSE,2077,40,19,11,95,35,36,1,70,62,44
1729094746,FALSE,1831,48,57,31,76,103,75,60,18,73,78
1729094765,FALSE,2405,42,7,75,11,84,52,39,25,29,95
1729094766,FALSE,2351,93,17,99,4,105,75,23,84,39,26
1729094767,FALSE,3489,22,70,52,81,35,6,11,100,47,102
1729094768,TRUE,2289,60,48,11,85,30,4,22,72,17,69
1729094770,TRUE,2129,68,35,28,1,67,95,81,63,17,84
1729094771,TRUE,1577,6,11,49,81,86,20,19,48,36,42
1729094773,FALSE,3276,74,17,89,42,49,75,25,18,12,45
1729094774,FALSE,2016,63,27,4,14,70,5,17,102,12,7
1729094776,TRUE,2473,30,72,18,40,17,97,52,71,46,36
1729094777,FALSE,1891,93,77,46,42,3,63,110,36,11,13
1729094780,TRUE,1715,35,105,90,11,6,74,96,4,26,44
1729094781,TRUE,1818,88,72,69,11,5,62,44,25,97,2
1729094782,TRUE,2651,25,14,23,71,73,74,21,4,90,82
1729094783,FALSE,2710,62,23,37,7,91,71,32,4,35,104
1729094784,FALSE,2131,74,53,61,84,44,4,54,12,41,59
1729094785,FALSE,2085,14,104,32,77,70,6,49,25,8,30
1729094798,FALSE,2849,72,44,3,69,28,30,42,33,16,71
1729094799,FALSE,2033,107,17,11,7,1,21,72,8,62,93
1729094801,TRUE,1683,60,36,9,22,7,50,81,82,35,44
1729094802,FALSE,1792,15,79,95,77,12,4,70,26,17,67
1729094803,TRUE,2225,25,81,52,93,69,42,86,18,68,87
1729094804,TRUE,2359,63,25,42,19,58,4,29,62,11,107
1729094805,FALSE,2078,98,102,76,60,21,66,39,67,101,88
1729094806,TRUE,2184,14,16,71,112,4,18,97,2,25,89
1729094807,TRUE,3102,7,21,99,73,31,17,52,71,47,42
1729094808,FALSE,2229,44,19,62,22,13,14,6,95,4,35
1729094810,FALSE,2311,74,62,26,85,95,51,14,86,17,73
1729094811,TRUE,1254,85,56,2,51,59,25,6,7,93,62
1729094812,TRUE,2944,34,7,73,43,51,4,100,44,57,46
1729094813,TRUE,2900,72,9,48,14,5,19,104,83,87,36
1729094814,FALSE,3738,57,72,25,22,95,40,93,14,7,26
1729094816,TRUE,2418,48,72,11,82,75,86,99,35,4,17
1729094817,TRUE,3400,72,1,28,75,12,39,99,17,41,7
1729094818,FALSE,2393,54,4,45,86,17,1,37,34,7,28
1729094843,FALSE,2612,5,28,14,18,40,17,20,84,50,94
1729094844,FALSE,3107,52,9,41,110,28,17,44,5,85,93
1729094846,TRUE,3317,51,43,99,75,6,21,30,74,71,23
1729094849,FALSE,2992,21,7,75,35,52,5,1,71,17,9
1729094850,FALSE,3293,4,26,97,21,47,93,41,86,54,22
1729094852,TRUE,1867,31,63,39,32,4,72,17,6,25,73
1729094854,FALSE,2715,62,71,89,111,101,86,100,17,16,21
1729094855,TRUE,2738,25,104,44,86,31,22,11,74,68,93
1729094856,TRUE,2436,62,39,2,72,60,1,7,109,75,25
1729094858,FALSE,2653,72,7,46,86,48,30,51,13,12,14
1729094875,FALSE,2857,79,37,86,25,67,1,51,84,16,11
1729094876,TRUE,2230,93,7,33,81,11,54,44,102,39,62
1729094877,TRUE,3592,14,100,19,35,10,42,68,39,51,90
1729094880,TRUE,2795,68,7,60,58,53,106,29,81,105,54
1729094882,TRUE,1742,70,74,56,9,36,46,97,100,77,95
1729094884,TRUE,3034,18,8,99,40,74,72,39,34,7,49
1729094885,FALSE,3590,88,71,35,96,27,18,98,2,73,39
1729094886,FALSE,1819,97,68,7,41,52,45,72,85,11,36
1729094887,FALSE,2019,17,25,10,26,12,62,1,47,56,45
1729094888,FALSE,2698,17,74,8,7,25,21,107,26,110,93
1729094889,TRUE,2233,14,4,75,45,39,52,1,55,5,27
1729094890,FALSE,2173,32,99,39,86,93,45,25,104,71,102
1729094892,TRUE,2815,11,32,94,15,50,51,43,76,8,5
1729094893,TRUE,3138,50,81,4,14,35,72,12,17,60,47
1729094894,TRUE,2382,97,17,14,112,94,52,93,35,23,72
1729094896,FALSE,2043,7,59,14,68,12,11,18,110,71,93
1729094897,TRUE,3378,74,26,2,101,71,25,72,34,30,20
1729094898,TRUE,3424,34,71,66,25,21,35,52,72,4,5
1729094899,FALSE,3918,35,4,93,17,58,44,14,41,68,85
1729094914,TRUE,2178,7,39,12,54,70,32,16,1,4,14
1729094917,FALSE,2389,44,51,48,100,88,11,28,71,17,39
1729094918,FALSE,2055,17,86,71,19,44,62,59,25,55,46
1729094919,FALSE,3016,27,5,25,57,1,106,21,33,74,88
1729094920,TRUE,2427,112,4,105,35,22,73,8,2,62,86
1729094921,FALSE,1637,59,4,99,8,75,70,77,48,57,30
1729094922,TRUE,1847,32,23,36,14,105,45,72,95,91,81
1729094924,FALSE,2271,17,1,27,29,21,86,106,48,11,55
1729094925,TRUE,2345,46,7,64,102,93,75,62,26,12,52
1729094927,FALSE,3653,4,26,54,59,81,94,77,1,34,30
1729094928,TRUE,1723,15,76,94,99,48,74,25,80,1,44
1729094929,TRUE,2929,87,21,67,105,106,100,61,60,50,13
1729094930,TRUE,3613,73,51,55,11,22,47,48,68,105,86
1729094931,TRUE,2614,5,27,20,83,51,54,1,86,52,8
1729094932,TRUE,2372,28,13,20,17,46,4,93,98,22,100
1729094933,FALSE,2147,4,35,50,28,7,84,17,6,70,44
1729094934,TRUE,1644,54,21,48,72,5,111,42,85,17,93
1729094955,TRUE,2684,104,64,52,18,49,20,15,4,72,112
1729094956,TRUE,2344,71,32,2,44,64,41,18,74,43,35
1729094957,FALSE,2396,71,17,85,12,78,22,4,54,14,105
1729094959,FALSE,2630,30,51,90,22,26,8,63,32,62,13
1729094960,FALSE,2605,49,26,2,30,4,11,12,67,86,28
1729094961,FALSE,2537,26,11,99,1,86,16,42,72,21,25
1729094962,FALSE,2521,6,68,52,33,12,35,100,44,105,107
1729094963,TRUE,2361,44,19,97,4,26,15,42,6,89,81
1729094964,TRUE,2188,17,93,106,15,97,4,80,78,14,43
1729094965,TRUE,2076,109,87,22,102,42,25,4,18,80,26
1729094966,TRUE,2105,2,40,62,59,70,45,32,14,29,1
1729094967,TRUE,3580,2,109,14,82,33,21,58,44,9,36
1729094969,FALSE,3308,23,35,41,105,30,19,47,4,5,44
1729094970,TRUE,2654,49,62,79,39,51,42,52,26,25,71
1729094971,TRUE,1770,85,73,101,59,1,4,68,99,74,53
1729094972,TRUE,978,7,3,61,93,60,80,14,11,94,68
1729094974,TRUE,3625,34,62,5,4,14,100,21,1,69,11
1729094976,TRUE,2296,110,71,18,4,57,103,78,14,104,52
1729094977,FALSE,2044,72,90,30,97,4,22,104,17,27,71
1729095006,TRUE,2897,22,12,23,28,67,5,88,30,54,1
1729095007,FALSE,2790,37,98,3,38,95,36,33,30,106,102
1729095008,TRUE,1725,90,14,106,71,12,44,62,25,17,57
1729095009,FALSE,3674,100,42,68,35,72,73,9,17,85,12
1729095010,TRUE,1875,7,33,31,4,47,5,74,55,52,18
1729095011,FALSE,2402,30,32,73,105,8,9,62,57,42,25
1729095013,FALSE,3569,52,54,69,88,72,17,62,98,100,19
1729095014,TRUE,2425,6,32,70,21,49,44,22,92,54,8
1729095015,FALSE,2095,5,112,21,72,55,39,27,100,56,16
1729095017,TRUE,2134,22,40,79,46,56,43,38,87,62,59
1729095018,TRUE,1811,104,74,21,31,90,4,13,1,101,22
1729095020,FALSE,3581,17,14,30,44,64,74,68,99,77,2
1729095021,TRUE,2718,39,88,7,6,25,1,60,97,73,55
1729095022,TRUE,2412,36,76,20,26,28,80,85,102,104,99
1729095023,TRUE,2673,74,72,95,68,58,4,63,69,1,19
1729095024,FALSE,1751,17,62,86,4,59,32,70,11,25,21
1729095025,FALSE,2792,23,32,105,46,25,73,21,28,40,44
1729095026,FALSE,3486,59,52,34,14,74,106,69,25,5,89
1729095027,TRUE,2834,40,14,12,70,7,51,9,89,61,35
1729095028,FALSE,2708,17,21,107,105,104,62,98,39,4,80
1729095029,TRUE,3691,36,14,57,39,1,9,86,28,72,43
1729095060,FALSE,1364,7,20,52,21,63,5,10,33,32,37
1729095061,TRUE,2983,11,28,93,75,4,106,21,101,71,22
1729095062,FALSE,1533,83,44,102,110,92,42,93,96,53,60
1729095063,FALSE,1691,104,68,2,32,61,42,70,95,52,7
1729095064,TRUE,2824,87,42,14,4,62,73,72,96,16,93
1729095067,FALSE,2641,28,25,54,26,81,102,7,17,18,67
1729095069,TRUE,2333,62,76,21,97,71,25,35,17,59,55
1729095070,TRUE,1480,63,68,2,19,52,84,41,95,94,104
1729095071,TRUE,1781,27,1,85,49,22,8,87,16,15,99
1729095072,TRUE,2565,39,44,63,5,59,74,68,97,110,6
1729095073,TRUE,2181,36,75,19,14,70,8,26,62,17,72
1729095074,TRUE,3922,1,7,21,14,2,17,44,16,55,102
1729095076,FALSE,2557,53,48,79,49,8,60,29,42,47,83
1729095094,TRUE,2069,86,93,11,36,14,96,40,4,68,46
1729095095,TRUE,2169,62,7,21,1,93,74,95,50,17,14
1729095097,TRUE,3118,2,44,8,106,93,109,74,56,30,96
1729095098,TRUE,2847,14,75,21,85,93,57,42,100,22,1
1729095101,FALSE,3434,52,9,75,62,94,45,32,8,7,14
1729095103,FALSE,2652,10,39,44,102,96,1,55,68,112,51
1729095104,TRUE,1673,6,90,36,26,85,44,91,62,93,59
1729095105,FALSE,2111,87,97,25,42,4,89,62,71,11,57
1729095106,TRUE,3991,92,22,48,17,53,104,36,71,5,1
1729095107,TRUE,2196,39,1,62,104,7,11,21,25,12,65
1729095108,FALSE,2627,105,100,8,4,43,104,2,1,59,71
1729095109,FALSE,2829,31,103,28,46,38,80,102,47,78,76
1729095110,TRUE,3439,105,75,42,28,95,5,100,93,14,51
1729095112,FALSE,2395,41,36,17,14,7,75,19,6,57,100
1729095113,FALSE,3255,11,3,2,54,111,74,35,26,105,107
1729095133,FALSE,2705,21,42,54,44,11,4,14,93,6,105
1729095134,TRUE,1940,36,14,72,3,52,75,23,100,38,44
1729095135,TRUE,2402,14,4,45,11,49,75,17,30,7,67
1729095136,FALSE,3504,46,12,17,11,104,74,5,112,21,27
1729095137,FALSE,2303,50,104,14,58,51,6,18,27,101,48
1729095138,FALSE,2912,104,39,32,2,75,17,73,71,84,62
1729095139,TRUE,2494,56,17,19,68,75,84,59,4,74,44
1729095140,FALSE,3034,44,48,59,23,9,8,14,22,4,41
1729095142,FALSE,2067,4,53,29,93,30,21,17,15,26,71
1729095143,FALSE,3734,14,59,17,7,21,67,51,16,52,85
1729095147,FALSE,2426,28,75,9,59,35,44,14,5,39,51
1729095148,FALSE,2200,18,52,7,68,72,14,4,107,28,86
1729095175,FALSE,3166,71,88,33,11,44,51,72,75,83,74
1729095176,FALSE,2207,8,7,2,62,75,18,57,99,12,88
1729095177,TRUE,2915,14,99,29,76,79,46,88,104,47,26
1729095178,FALSE,1766,39,62,35,63,1,36,30,92,72,67
1729095179,TRUE,1882,3,74,8,32,18,36,28,14,31,54
1729095181,FALSE,2270,39,9,41,16,51,49,36,18,14,21
1729095182,FALSE,1558,34,30,71,9,99,43,87,18,38,53
1729095184,TRUE,2799,64,21,11,93,4,62,45,28,100,41
1729095185,TRUE,2569,77,59,5,6,32,70,14,35,25,11
1729095186,FALSE,3263,70,100,44,11,35,4,1,9,79,14
1729095187,TRUE,2557,93,4,100,84,71,41,59,11,44,61
1729095203,TRUE,2856,19,70,62,51,111,41,50,3,37,102
1729095204,FALSE,2513,106,17,40,105,100,12,25,11,4,29
1729095205,TRUE,2699,16,73,25,26,63,36,8,21,9,17
1729095207,TRUE,3187,59,56,51,42,30,14,4,86,18,5
1729095209,TRUE,2658,27,1,70,21,51,52,7,85,11,74
1729095210,FALSE,2731,39,85,93,14,26,21,8,17,97,4
1729095211,TRUE,1788,5,6,32,21,17,82,8,46,28,40
1729095212,TRUE,2648,18,105,27,55,39,49,20,48,86,46
1729095214,TRUE,1953,7,9,99,4,35,85,17,70,14,66
1729095216,FALSE,3169,84,100,72,11,34,44,41,14,7,35
1729095217,FALSE,2722,20,74,97,28,72,11,71,88,64,65
1729095218,FALSE,2216,1,11,21,2,62,17,71,75,70,28
1729095239,TRUE,4248,53,7,21,77,102,72,14,105,11,107
1729095240,FALSE,2079,15,62,12,20,44,109,32,4,18,11
1729095241,FALSE,3044,73,11,25,84,5,43,7,6,4,26
1729095242,FALSE,2848,4,57,28,5,17,14,18,53,25,62
1729095243,TRUE,4094,106,17,34,98,5,25,14,10,53,41
1729095246,FALSE,1576,21,44,46,16,110,4,7,2,39,55
1729095247,FALSE,2623,103,26,35,32,14,71,93,5,11,16
1729095248,FALSE,1420,71,21,74,51,102,50,25,19,15,42
1729095249,TRUE,2623,64,63,19,109,73,45,17,54,91,4
1729095250,TRUE,3291,53,30,46,43,63,61,54,62,71,14
1729095252,TRUE,1425,1,85,68,60,52,17,84,35,41,73
1729095253,FALSE,1966,69,62,28,39,97,84,87,99,93,72
1729095254,FALSE,2192,42,32,104,54,1,27,18,41,44,4
1729095255,FALSE,2810,26,4,14,9,75,85,25,93,2,55
1729095257,FALSE,1872,83,7,15,101,46,2,56,93,104,20
1729095259,TRUE,2538,42,93,9,64,101,86,56,72,8,32
1729095281,TRUE,2084,35,6,99,74,2,17,67,71,101,18
1729095283,TRUE,3180,44,72,14,12,86,61,106,11,21,7
1729095284,TRUE,3173,22,101,17,35,58,77,88,93,104,105
1729095285,FALSE,1963,71,32,107,14,6,85,37,105,34,44
1729095286,TRUE,1721,45,53,62,100,11,2,39,8,52,1
1729095289,TRUE,1947,53,44,14,26,51,7,21,28,11,50
1729095290,TRUE,1684,70,22,23,17,62,30,100,75,11,44
1729095291,FALSE,1884,1,64,93,41,101,104,44,11,7,45
1729095292,FALSE,1454,100,86,13,80,69,102,54,25,35,46
1729095293,TRUE,2572,84,93,40,11,14,72,71,101,4,111
1729095294,TRUE,2726,71,33,17,100,54,30,99,7,26,11
1729095295,FALSE,2479,41,14,2,21,30,1,57,25,100,66
1729095296,FALSE,2537,41,32,6,74,4,94,100,62,59,95
1729095297,TRUE,2219,8,104,34,90,21,64,23,55,9,1
1729095298,TRUE,1737,1,12,17,61,11,53,21,54,5,4
1729095299,TRUE,2401,13,93,86,16,46,7,112,12,62,17
1729095300,FALSE,2295,35,8,99,105,53,4,7,93,91,17
1729095301,FALSE,2628,21,5,93,81,102,7,9,44,105,17
1729095303,FALSE,2154,18,106,16,8,62,20,97,39,70,25
1729095304,TRUE,704,70,18,14,51,26,11,67,21,106,9
1729095306,FALSE,2347,107,57,54,36,10,40,58,39,3,9
1729095307,TRUE,3797,100,53,26,21,11,17,30,42,9,4
1729095333,TRUE,2881,89,91,4,12,62,32,29,21,48,42
1729095334,TRUE,2124,51,86,11,8,7,53,36,30,19,13
1729095335,FALSE,1746,1,74,32,11,8,6,77,70,5,14
1729095340,FALSE,1791,27,13,49,51,11,16,15,42,18,23
1729095341,TRUE,2346,4,28,5,21,9,65,102,44,8,14
1729095342,TRUE,1683,90,5,87,21,71,48,61,66,68,60
1729095343,TRUE,2353,74,22,36,21,44,56,25,1,96,16
1729095344,TRUE,1844,17,25,95,4,12,44,22,59,104,35
1729095345,TRUE,3944,39,57,41,9,36,63,48,100,20,86
1729095347,TRUE,2198,17,86,14,76,36,49,8,23,89,13
1729095363,FALSE,2486,2,40,106,13,59,4,25,77,95,1
1729095364,FALSE,2390,62,44,51,11,16,59,25,101,8,86
1729095365,TRUE,3034,6,9,25,97,17,51,39,5,61,11
1729095366,TRUE,2051,44,14,66,27,7,18,73,72,50,53
1729095367,TRUE,1539,45,82,94,83,97,78,21,1,30,74
1729095368,TRUE,3058,6,14,2,26,1,35,29,41,7,8
1729095371,FALSE,2193,32,4,22,3,77,8,26,41,19,14
1729095373,FALSE,1643,31,14,59,75,8,4,22,102,101,53
1729095375,TRUE,2388,13,42,96,75,106,105,44,100,74,17
1729095376,FALSE,3192,74,1,8,26,11,7,27,25,62,104
1729095377,FALSE,4102,71,100,16,36,94,11,105,30,2,35
1729095378,FALSE,411,9,28,46,19,17,97,109,40,81,50
1729095379,FALSE,3126,46,49,105,39,36,22,10,74,7,27
1729095380,TRUE,2322,22,32,86,52,5,39,62,112,7,12
1729095403,FALSE,2772,37,19,47,70,36,29,86,72,4,17
1729095404,TRUE,4219,25,111,75,33,10,39,51,62,11,104
1729095405,FALSE,1580,44,14,95,11,15,81,36,21,84,20
1729095407,FALSE,2107,25,14,69,62,52,26,86,32,7,11
1729095408,FALSE,3203,99,16,110,4,6,106,40,36,25,8
1729095409,TRUE,2904,84,31,109,34,41,5,44,32,7,97
1729095410,TRUE,2480,25,28,11,7,1,17,88,93,36,50
1729095411,TRUE,3370,41,62,92,14,9,100,46,97,22,52
1729095412,TRUE,2150,95,63,99,36,101,104,39,59,87,47
1729095414,FALSE,2205,40,9,11,8,49,106,110,7,10,12
1729095415,TRUE,3625,33,3,17,19,74,14,75,49,107,11
1729095416,TRUE,3572,60,74,44,86,12,11,30,82,42,7
1729095440,TRUE,1705,46,71,17,59,55,93,106,30,67,25
1729095441,TRUE,3084,105,82,11,50,5,16,1,68,102,17
1729095442,TRUE,3289,101,54,32,30,35,52,53,110,62,72
1729095443,TRUE,2595,41,84,42,56,62,40,1,37,74,4
1729095444,FALSE,2609,84,73,17,56,21,104,25,5,74,35
1729095445,FALSE,2364,99,35,19,4,26,29,44,111,81,42
1729095446,TRUE,4165,32,30,14,67,1,50,105,53,72,35
1729095447,FALSE,3762,99,7,11,13,42,12,96,44,36,52
1729095448,FALSE,2923,52,4,50,105,17,71,46,7,62,68
1729095449,FALSE,2306,27,23,1,103,25,81,43,69,17,62
1729095450,FALSE,1976,12,7,54,44,39,59,104,41,13,62
1729095452,FALSE,3056,5,100,18,39,4,17,44,112,70,41
1729095454,TRUE,1302,7,51,94,14,62,49,22,71,74,25
1729095455,TRUE,3971,31,7,32,71,90,11,36,18,12,51
1729095457,TRUE,3614,34,78,90,73,6,1,52,12,7,11
1729095458,FALSE,1898,14,32,9,7,62,104,12,11,13,28
1729095459,FALSE,2652,82,14,11,22,111,41,28,88,59,32
1729095460,FALSE,2581,93,30,21,13,72,17,26,51,2,12
1729095461,TRUE,1623,11,14,46,50,12,39,1,102,70,84
1729095462,TRUE,2573,71,44,88,30,11,37,67,62,75,17
1729095489,TRUE,3820,41,102,1,63,40,62,18,48,109,70
1729095490,FALSE,2660,30,36,22,96,21,14,67,52,71,99
1729095491,TRUE,2118,25,44,59,100,99,49,7,45,98,40
1729095492,FALSE,2107,73,25,35,52,57,23,7,104,31,27
1729095493,TRUE,2518,25,54,41,52,96,27,45,17,36,16
1729095494,TRUE,2997,112,2,27,6,74,105,23,41,106,9
1729095495,TRUE,2562,77,4,1,105,97,74,12,30,54,86
1729095496,TRUE,2647,33,82,21,93,25,17,52,99,39,75
1729095497,FALSE,2880,56,71,39,98,9,51,5,21,100,94
1729095498,FALSE,3048,21,39,100,26,12,7,25,71,93,11
1729095499,FALSE,3382,76,71,20,26,84,96,18,85,2,22
1729095502,TRUE,2596,99,4,35,36,96,32,100,45,47,44
1729095504,TRUE,2505,54,64,94,99,35,20,48,36,5,4
1729095505,FALSE,2343,100,25,112,74,12,22,72,7,59,11
1729095507,TRUE,1493,96,105,48,26,14,35,8,5,11,44
1729095508,FALSE,3427,9,22,67,7,68,29,72,39,99,92
1729095509,FALSE,2939,107,23,14,85,68,63,48,27,21,1
1729095511,TRUE,2943,42,75,88,10,2,67,53,16,43,95
1729095535,TRUE,2051,49,75,72,4,30,65,21,1,61,57
1729095536,FALSE,3118,71,94,101,85,63,39,35,52,47,4
1729095537,FALSE,2813,30,63,21,104,16,87,70,32,97,4
1729095538,FALSE,3116,11,93,84,69,45,57,32,42,36,9
1729095539,FALSE,3786,44,25,53,49,29,104,17,4,71,5
1729095540,FALSE,3843,25,93,17,5,29,67,86,75,52,14
1729095541,TRUE,2207,10,83,42,45,76,100,13,5,9,7
1729095542,TRUE,1990,104,112,77,52,36,75,100,70,41,26
1729095543,TRUE,3125,69,7,51,25,42,11,71,18,88,68
1729095545,TRUE,1563,39,105,95,19,89,87,71,26,25,63
1729095546,FALSE,2308,85,59,47,22,62,7,23,58,6,41
1729095548,TRUE,1444,14,21,6,59,32,1,7,45,56,35
1729095549,TRUE,1954,26,62,4,73,29,1,87,22,11,71
1729095551,FALSE,2795,28,78,25,36,93,8,44,11,85,112
1729095553,FALSE,2278,25,52,35,12,47,26,102,54,14,18
1729095554,TRUE,4409,68,7,93,21,67,105,72,25,17,88
1729095555,TRUE,3253,48,25,74,4,12,70,45,20,35,37
1729095565,TRUE,1939,59,20,12,27,76,19,49,69,93,30
1729095567,TRUE,2877,13,88,44,50,18,95,1,14,25,62
1729095568,TRUE,2516,95,17,12,7,40,77,4,68,35,18
1729095570,FALSE,1746,46,47,12,25,98,97,106,31,70,4
1729095571,TRUE,2401,99,11,5,34,93,96,41,32,22,21
1729095573,FALSE,2200,34,3,86,60,27,12,42,107,63,15
1729095574,TRUE,2189,63,104,41,23,62,44,56,1,42,4
1729095575,TRUE,3413,12,7,97,50,21,99,14,18,39,1
1729095576,FALSE,2351,39,44,25,8,75,11,105,76,14,81
1729095577,FALSE,2689,72,93,21,7,99,12,81,104,39,13
1729095578,TRUE,2252,5,22,14,70,4,28,42,62,35,32
1729095579,TRUE,2719,76,18,95,60,97,21,67,7,25,16
1729095580,TRUE,2750,22,99,1,78,17,30,75,34,59,36
1729095584,TRUE,3098,53,2,1,100,30,74,50,44,38,42
1729095585,TRUE,2148,14,12,11,6,71,87,23,16,74,7
1729095586,FALSE,2368,74,62,43,54,28,93,45,107,21,104
1729095587,TRUE,2600,12,72,49,67,35,26,8,105,79,53
1729095588,FALSE,2607,41,72,31,39,89,104,2,30,17,50
1729095603,FALSE,2246,59,2,7,25,39,101,71,70,44,36
1729095604,FALSE,2271,81,76,95,2,28,104,4,60,94,32
1729095606,TRUE,2171,68,8,42,7,39,38,14,105,4,36
1729095607,FALSE,1767,50,47,19,90,78,54,71,14,30,84
1729095608,TRUE,2428,32,60,44,14,61,7,86,62,4,11
1729095609,TRUE,2505,35,17,27,42,57,105,4,12,9,7
1729095610,TRUE,2216,15,28,72,42,4,31,84,96,85,39
1729095611,FALSE,2723,99,25,91,17,74,88,90,109,19,48
1729095612,FALSE,2409,15,44,25,21,101,48,93,4,39,47
1729095613,FALSE,2574,17,58,104,14,21,25,106,36,63,7
1729095614,FALSE,3963,21,95,72,19,100,35,90,16,106,15
1729095615,FALSE,3431,22,105,1,59,25,23,82,35,14,71
1729095616,FALSE,2759,77,91,75,10,35,18,3,31,14,74
1729095617,FALSE,527,84,109,62,40,48,85,35,56,36,14
1729095648,FALSE,3636,12,71,22,74,70,106,26,36,104,2
1729095650,FALSE,2428,102,12,98,110,67,76,11,48,70,5
1729095651,TRUE,1669,98,4,42,105,19,21,51,11,16,17
1729095653,FALSE,2368,53,25,63,15,41,18,44,14,4,5
1729095655,FALSE,1633,112,33,39,95,2,60,17,99,91,86
1729095656,TRUE,2138,2,21,52,12,62,26,69,106,47,85
1729095657,FALSE,2358,41,44,43,36,8,94,61,11,42,25
1729095658,TRUE,2373,111,109,51,46,60,89,26,12,22,61
1729095661,TRUE,2169,1,85,19,30,39,74,21,14,25,41
1729095662,TRUE,2759,68,2,107,78,42,94,7,74,26,47
1729095663,FALSE,3356,9,72,45,41,97,17,34,48,105,1
1729095664,TRUE,3260,95,17,74,18,53,62,19,59,56,9
1729095665,TRUE,2406,45,50,30,44,82,84,21,75,1,73
1729095679,FALSE,3020,111,2,55,14,53,102,56,74,44,62
1729095680,FALSE,2116,18,12,74,4,15,14,57,7,39,86
1729095681,TRUE,2583,68,22,49,44,8,83,12,52,17,56
1729095682,FALSE,2112,1,17,51,23,61,48,37,26,36,18
1729095683,TRUE,409,23,33,77,103,107,109,31,2,42,104
1729095684,FALSE,1838,22,36,19,1,56,49,44,91,59,5
1729095685,TRUE,2048,67,38,59,23,25,35,45,14,65,54
1729095689,FALSE,2494,87,39,93,57,12,25,4,84,106,17
1729095692,FALSE,1966,86,17,4,75,36,92,12,31,49,61
1729095725,FALSE,3790,67,83,81,25,89,47,65,1,72,7
1729095726,FALSE,3050,22,25,28,8,7,46,68,84,36,12
1729095727,FALSE,1801,14,32,51,100,69,13,54,59,22,62
1729095728,FALSE,3274,86,32,48,83,39,98,65,35,74,28
1729095729,FALSE,3265,39,88,9,12,26,56,17,29,23,36
1729095730,FALSE,2544,25,100,36,44,104,101,17,7,51,8
1729095731,TRUE,3641,87,1,101,36,97,44,39,17,86,7
1729095732,TRUE,3208,19,95,70,36,83,11,88,45,73,39
1729095734,FALSE,1747,8,50,39,44,14,107,12,52,25,21
1729095737,TRUE,3650,25,21,19,14,9,86,17,1,52,51
1729095739,TRUE,3172,22,96,17,72,86,23,88,25,100,10
1729095740,FALSE,2030,111,49,54,36,56,86,110,93,21,42
1729095741,FALSE,2549,94,5,31,73,105,75,22,88,15,1
1729095743,FALSE,3040,76,102,97,38,62,79,16,45,29,48
1729095744,FALSE,1321,8,109,39,81,28,72,43,89,100,31
1729095745,TRUE,1781,30,70,17,71,76,7,21,35,104,81
1729095746,TRUE,1981,37,100,1,72,14,57,97,105,17,106
1729095747,TRUE,2979,14,74,75,7,1,25,19,61,51,21
1729095748,FALSE,1891,25,3,96,30,33,70,13,2,51,40
1729095763,TRUE,2839,67,46,39,5,16,19,15,110,11,100
1729095764,TRUE,2617,62,6,100,12,22,1,32,54,14,104
1729095765,FALSE,2410,8,72,71,86,52,69,104,34,7,61
1729095766,TRUE,1171,12,62,7,76,71,11,74,23,97,53
1729095767,FALSE,3653,42,2,74,4,44,95,27,82,35,99
1729095768,FALSE,2423,92,5,99,98,52,60,87,77,84,76
1729095769,TRUE,3180,19,82,28,52,25,70,51,35,88,34
1729095771,TRUE,2668,12,46,39,7,20,25,44,14,36,21
1729095773,FALSE,3182,41,16,12,60,47,34,7,63,6,32
1729095774,FALSE,3007,14,18,1,53,22,105,32,27,17,41
1729095792,TRUE,2093,11,105,99,42,62,17,8,71,27,100
1729095793,TRUE,2313,11,21,4,19,67,17,65,44,23,8
1729095795,TRUE,2217,11,42,69,8,33,19,112,32,107,5
1729095796,FALSE,2448,39,104,45,4,2,25,14,102,101,50
1729095797,TRUE,2403,1,46,100,28,5,90,67,11,62,33
1729095798,TRUE,2130,23,32,59,22,41,100,86,97,51,4
1729095800,TRUE,1676,52,14,12,2,111,81,46,56,41,48
1729095801,TRUE,2387,4,1,74,100,75,106,14,21,17,62
1729095802,FALSE,3029,106,14,44,35,2,4,69,72,22,27
1729095803,TRUE,2046,36,4,14,50,39,21,26,69,17,42
1729095804,FALSE,2343,17,62,74,1,46,42,106,84,25,83
1729095805,FALSE,2930,71,112,41,18,64,57,33,21,104,2
1729095808,FALSE,2785,29,62,42,26,22,56,34,32,21,4
1729095811,TRUE,2640,22,41,18,40,99,105,42,86,25,21
1729095812,FALSE,1858,72,86,82,68,7,19,94,104,10,3
1729095813,FALSE,2440,22,63,89,96,34,16,55,17,44,86
1729095850,TRUE,2573,22,32,4,6,53,25,17,19,55,102
1729095851,FALSE,2219,50,59,17,5,64,54,1,75,39,110
1729095852,TRUE,1829,94,17,73,97,89,34,56,105,75,59
1729095853,FALSE,3196,84,106,39,21,56,74,37,29,4,17
1729095854,TRUE,1531,71,66,6,72,26,8,59,84,91,44
1729095856,TRUE,2404,7,85,14,71,61,26,32,42,2,35
1729095857,TRUE,3139,12,7,39,87,71,74,1,75,100,68
1729095858,FALSE,2522,39,14,7,102,4,18,30,71,63,46
1729095859,FALSE,2950,7,81,105,52,35,71,26,42,25,6
1729095860,TRUE,2606,59,44,36,95,4,33,64,97,56,74
1729095862,FALSE,3699,20,13,44,15,111,8,59,14,26,34
1729095864,TRUE,1722,42,93,4,7,16,43,12,56,54,14
1729095869,TRUE,2186,6,59,90,106,93,22,41,78,14,64
1729095870,FALSE,1782,21,73,59,27,11,20,38,48,80,6
1729095871,TRUE,4560,89,106,39,86,22,105,88,36,48,17
1729095873,TRUE,337,49,85,80,31,98,71,103,107,12,39
1729095874,TRUE,2974,21,58,71,4,14,35,74,87,100,7
1729095875,FALSE,2449,46,111,86,12,29,63,107,21,112,17
1729095896,FALSE,2705,17,16,1,21,59,39,14,75,72,98
1729095897,TRUE,1783,56,81,71,101,17,1,41,50,73,104
1729095898,TRUE,2187,86,44,104,54,19,61,33,5,2,8
1729095899,TRUE,2143,2,44,86,14,9,17,53,37,1,39
1729095900,TRUE,2694,93,26,52,51,71,75,72,17,62,7
1729095901,TRUE,2978,17,22,86,14,93,97,69,25,20,8
1729095902,FALSE,2387,94,7,38,46,74,28,25,91,12,104
1729095903,TRUE,2795,59,55,103,44,71,4,93,70,12,89
1729095904,FALSE,4326,52,62,35,86,80,14,11,4,96,25
1729095905,FALSE,1346,75,3,25,30,35,5,47,21,49,16
1729095907,TRUE,2348,67,17,11,9,74,14,4,61,7,105
1729095908,TRUE,1801,101,70,19,12,25,96,86,61,34,4
1729095909,FALSE,2880,46,39,72,4,7,55,112,17,106,5
1729095910,TRUE,2515,21,7,26,104,47,4,49,43,99,75
1729095912,FALSE,2217,25,66,17,33,41,72,9,14,43,39
1729095928,TRUE,3042,93,44,57,7,46,106,52,2,22,16
1729095931,TRUE,3236,43,54,8,14,26,106,28,11,25,9
1729095932,FALSE,2647,72,85,17,7,90,26,6,51,21,4
1729095934,TRUE,2628,51,36,20,89,86,8,11,111,78,38
1729095937,TRUE,3009,54,88,83,59,71,1,39,101,76,44
1729095954,FALSE,3415,8,25,105,72,14,45,56,51,11,85
1729095955,TRUE,2531,51,63,56,62,49,27,47,20,83,21
1729095956,FALSE,1744,6,102,58,69,70,22,99,44,25,14
1729095957,FALSE,2284,56,104,32,72,22,8,21,14,19,63
1729095958,FALSE,2079,86,5,27,54,70,105,12,6,80,98
1729095959,FALSE,2946,40,72,68,74,43,39,1,86,52,32
1729095961,TRUE,2823,14,10,6,5,7,26,20,21,39,25
1729095962,FALSE,1851,25,5,9,44,4,3,2,26,71,14
1729095963,FALSE,2400,4,5,57,36,52,42,62,14,11,25
1729095964,TRUE,1938,102,87,11,71,8,36,86,28,46,110
1729095965,TRUE,890,64,15,75,45,102,110,95,84,107,76
1729095966,TRUE,1996,21,44,52,32,26,41,12,39,28,17
1729095967,FALSE,2685,26,41,39,43,89,10,32,46,74,85
1729095968,TRUE,1945,8,29,14,17,55,9,5,102,39,18
1729095980,FALSE,2888,49,62,53,75,26,22,14,7,32,21
1729095981,FALSE,3468,48,7,53,52,98,86,43,62,105,80
1729095984,TRUE,2626,31,82,34,47,100,59,5,110,35,4
1729095985,TRUE,3057,23,106,45,30,70,11,18,104,105,50
1729095986,FALSE,2511,105,56,17,84,44,75,28,71,22,4
1729095987,TRUE,2597,7,84,21,22,104,95,34,81,36,9
1729095988,FALSE,2655,57,84,46,59,21,6,44,75,13,7
1729095989,TRUE,1970,107,12,62,44,8,4,6,32,2,39
1729095995,FALSE,1954,8,73,14,66,97,104,36,25,17,21
1729095996,FALSE,2852,32,8,1,59,26,80,16,41,72,21
1729095997,TRUE,2838,20,101,3,100,22,46,44,54,21,25
1729095998,FALSE,1651,22,86,1,95,104,73,74,30,102,42
1729096010,FALSE,2265,91,93,97,19,71,54,23,107,3,26
1729096011,TRUE,2779,40,102,44,35,68,42,18,25,14,9
1729096012,TRUE,1919,70,44,25,47,71,59,32,21,1,14
1729096013,FALSE,2812,51,14,52,106,30,112,35,44,43,7
1729096014,FALSE,2225,69,36,39,37,104,90,28,63,8,11
1729096015,FALSE,2366,14,12,104,86,46,17,22,75,44,71
1729096016,FALSE,2345,14,97,41,4,40,7,64,65,8,62
1729096017,TRUE,2696,36,72,106,14,105,21,81,112,49,50
1729096018,TRUE,1584,6,7,46,19,62,11,96,4,77,82
1729096019,FALSE,2878,55,44,22,4,71,93,7,84,17,16
1729096020,FALSE,3472,13,47,90,62,67,21,88,30,54,99
1729096022,FALSE,2945,12,3,44,28,21,8,26,7,5,22
1729096023,FALSE,2897,106,37,105,21,52,8,22,40,35,17
1729096025,FALSE,2747,1,53,21,52,11,22,51,62,56,74
1729096053,FALSE,3160,80,42,4,35,71,64,49,7,12,52
1729096054,TRUE,1692,7,72,26,28,11,83,56,82,35,41
1729096055,FALSE,3159,47,96,100,109,35,10,42,95,1,23
1729096056,TRUE,1823,46,28,20,51,100,38,7,43,73,91
1729096058,TRUE,1781,35,57,53,2,99,109,100,74,9,59
1729096059,FALSE,3022,8,95,39,71,20,26,23,32,18,49
1729096060,FALSE,4601,35,23,34,22,105,26,106,17,74,46
1729096061,TRUE,2606,62,88,48,5,74,21,14,31,28,73
1729096062,FALSE,3594,53,21,105,40,106,62,41,47,17,25
1729096064,FALSE,2453,7,46,82,56,75,26,71,87,78,6
1729096082,FALSE,2535,100,86,7,17,70,105,62,11,21,81
1729096083,FALSE,2940,17,60,37,56,59,2,5,100,4,36
1729096084,FALSE,2816,36,53,5,104,105,1,17,32,6,57
1729096086,FALSE,2157,62,90,23,59,44,39,84,36,57,25
1729096088,FALSE,1940,112,47,49,99,75,56,14,57,7,62
1729096089,TRUE,3430,16,14,30,11,41,25,21,100,106,5
1729096090,TRUE,2118,38,3,9,29,39,62,11,88,46,110
1729096091,FALSE,3408,14,4,27,70,11,58,77,36,72,28
1729096092,TRUE,2457,12,105,23,55,5,7,14,102,4,100
1729096093,FALSE,2979,51,105,11,4,17,47,22,35,30,56
1729096096,TRUE,2183,42,25,44,71,4,41,105,22,56,10
1729096097,TRUE,3593,44,5,70,23,26,94,17,4,21,51
1729096098,FALSE,3311,34,5,32,105,42,15,112,14,44,57
1729096099,FALSE,2622,29,17,2,37,78,8,111,69,7,22
1729096100,TRUE,2049,4,11,1,30,100,17,66,8,85,59
1729096102,FALSE,3200,88,105,100,39,1,57,71,93,35,12
1729096104,TRUE,2031,28,37,35,44,59,42,70,32,93,4
1729096121,FALSE,3541,39,105,97,12,35,52,102,106,25,70
1729096122,FALSE,2150,100,106,11,72,44,5,73,17,102,18
1729096123,FALSE,2924,93,97,76,12,104,105,43,47,70,11
1729096124,FALSE,1792,61,9,53,1,32,35,4,22,90,76
1729096125,TRUE,2279,74,40,100,36,72,25,109,106,51,4
1729096127,TRUE,2366,21,36,25,11,14,83,30,12,35,39
1729096128,TRUE,2477,31,12,110,22,9,47,17,30,59,75
1729096129,TRUE,2146,20,100,86,54,25,50,16,33,1,43
1729096130,FALSE,2034,23,1,4,7,14,85,86,67,22,17
1729096153,FALSE,2242,80,85,44,14,37,9,70,35,11,30
1729096154,FALSE,2650,107,52,17,20,12,54,45,104,16,71
1729096155,TRUE,2344,14,35,70,81,44,62,11,45,21,89
1729096156,TRUE,2808,30,101,7,95,41,74,94,14,83,21
1729096157,FALSE,3058,105,85,32,30,45,59,23,62,106,14
1729096158,FALSE,2024,18,20,42,46,91,104,50,98,59,6
1729096159,TRUE,3486,69,82,11,26,105,17,99,93,100,3
1729096160,FALSE,1682,72,81,42,29,80,70,16,48,31,23
1729096162,TRUE,2258,93,100,105,15,21,5,95,14,37,4
1729096164,TRUE,2526,39,62,22,67,69,96,52,58,77,36
1729096165,FALSE,2411,95,87,21,17,42,72,75,50,51,74
1729096166,TRUE,2285,9,98,100,96,32,62,68,44,40,17
1729096167,TRUE,3698,83,110,14,42,88,11,12,50,71,84
1729096168,FALSE,3147,107,72,53,44,35,94,82,59,21,62
1729096169,TRUE,2319,14,11,1,100,17,21,28,44,41,43
1729096170,TRUE,455,93,49,83,65,33,42,75,104,26,55
1729096171,FALSE,2688,50,64,4,11,12,84,39,88,63,31
1729096172,TRUE,1972,14,97,25,12,71,2,56,21,59,8
1729096175,TRUE,3546,36,100,78,14,1,35,21,106,99,28
1729096176,FALSE,714,35,75,2,70,23,14,103,96,21,49
1729096177,TRUE,3484,102,59,104,2,32,21,22,100,64,26
1729096196,TRUE,3017,62,27,4,52,28,14,71,72,87,17
1729096197,TRUE,2851,98,17,67,72,9,90,48,71,105,44
1729096198,TRUE,3558,11,30,82,112,23,51,104,36,41,60
1729096199,FALSE,2874,28,88,67,17,22,54,2,11,5,72
1729096200,TRUE,3408,12,47,32,27,19,46,28,1,69,31
1729096201,TRUE,1916,46,87,4,27,29,9,7,21,47,93
1729096202,TRUE,1816,88,62,17,6,27,104,32,20,100,35
1729096203,FALSE,1994,52,22,61,73,71,17,62,30,4,36
1729096204,TRUE,2987,44,14,107,4,2,30,25,37,32,23
1729096205,TRUE,2904,76,60,20,14,45,109,111,74,100,2
1729096206,FALSE,2489,98,8,47,101,9,105,7,106,30,44
1729096207,FALSE,2474,62,36,101,104,11,77,71,93,4,43
1729096208,TRUE,2395,43,7,81,71,62,12,32,14,4,35
1729096210,FALSE,2629,14,34,5,104,74,78,31,30,7,54
1729096211,TRUE,2280,102,88,12,86,26,18,98,41,100,104
1729096213,TRUE,2469,86,104,59,46,112,1,26,39,42,34
1729096214,FALSE,3204,72,11,88,44,22,87,42,52,5,14
1729096215,TRUE,1995,7,21,74,90,12,68,18,37,6,25
1729096292,TRUE,767,11,7,9,4,50,25,63,71,62,12
1729096216,TRUE,2984,105,21,78,85,17,16,39,22,11,5
1729096217,FALSE,3365,75,25,72,8,11,44,26,14,39,57
1729096241,TRUE,2739,63,69,7,14,23,19,62,11,33,21
1729096242,TRUE,3223,102,34,1,97,30,105,19,72,20,52
1729096243,FALSE,1908,54,72,56,21,7,12,34,49,83,15
1729096244,FALSE,2036,78,10,94,30,95,4,36,104,19,5
1729096245,FALSE,2879,36,104,14,39,56,97,19,44,101,84
1729096247,FALSE,2157,7,57,12,52,21,22,48,86,4,47
1729096248,FALSE,3422,51,20,12,4,86,88,9,85,25,72
1729096249,FALSE,2912,4,19,92,11,8,71,106,14,93,72
1729096250,FALSE,3473,4,7,25,63,6,73,55,100,11,105
1729096251,FALSE,1617,14,6,29,87,5,71,62,8,18,33
1729096252,FALSE,2452,21,62,75,100,36,39,53,4,112,22
1729096253,TRUE,1712,1,50,11,17,105,93,34,79,99,107
1729096255,TRUE,1689,95,85,7,73,56,17,30,89,53,71
1729096256,FALSE,3106,1,16,37,93,17,72,60,87,105,77
1729096257,TRUE,2925,35,30,51,101,14,40,100,1,32,20
1729096258,TRUE,1429,11,49,44,60,47,100,97,25,32,99
1729096259,TRUE,3062,35,2,21,1,42,110,99,44,30,51
1729096261,FALSE,2373,107,2,63,6,20,29,7,47,12,22
1729096262,FALSE,3102,63,48,35,86,46,71,17,109,14,13
1729096263,TRUE,2786,72,8,13,51,36,21,19,4,25,101
1729096283,FALSE,1379,44,1,107,11,93,95,29,36,5,33
1729096284,TRUE,2705,51,48,35,64,76,20,1,68,61,95
1729096286,TRUE,4157,18,69,105,25,72,40,2,93,39,15
1729096287,TRUE,1521,70,80,74,60,38,26,27,94,13,64
1729096288,FALSE,3391,105,6,2,36,88,50,104,21,46,83
1729096289,FALSE,2213,46,39,96,102,104,13,62,71,72,37
1729096290,TRUE,1999,11,106,71,3,107,52,86,100,51,12
1729096291,TRUE,2342,49,1,25,6,16,10,72,9,106,4
1729096293,FALSE,2760,46,67,4,19,28,44,95,74,70,22
1729096294,FALSE,1961,1,25,9,72,3,17,57,8,41,47
1729096296,FALSE,2576,59,35,39,93,104,32,70,15,14,100
1729096298,FALSE,1905,14,26,44,11,1,100,75,35,99,25
1729096299,FALSE,2278,89,38,79,8,25,29,47,18,34,4
1729096300,FALSE,2638,44,62,47,5,59,8,46,11,41,74
1729096316,TRUE,2142,75,93,26,47,22,25,48,14,16,49
1729096317,TRUE,2719,48,62,14,4,89,9,25,59,31,81
1729096318,TRUE,2702,47,22,11,40,21,2,8,33,93,46
1729096319,TRUE,2315,14,56,104,53,4,10,44,35,28,12
1729096320,FALSE,2705,68,66,42,67,47,1,36,39,7,21
1729096321,TRUE,2900,74,105,44,41,75,14,106,16,15,17
1729096322,TRUE,2653,62,57,70,11,74,20,107,22,26,72
1729096323,FALSE,2263,96,77,31,6,75,104,87,44,37,46
1729096324,FALSE,2149,49,75,70,36,76,83,95,101,82,105
1729096325,FALSE,2689,17,7,14,18,93,9,20,8,52,51
1729096326,FALSE,2585,104,5,2,74,22,28,41,35,4,100
1729096327,TRUE,2917,4,7,67,104,50,9,61,17,51,1
1729096328,TRUE,2055,35,83,52,67,25,53,21,85,28,10
1729096329,FALSE,2027,87,14,8,64,1,16,23,46,35,4
1729096331,FALSE,2135,32,55,35,14,31,54,2,59,27,70
1729096353,TRUE,1767,36,46,91,103,22,13,34,80,69,48
1729096354,TRUE,2390,12,30,104,9,39,93,35,2,22,62
1729096355,TRUE,2286,7,17,83,77,2,11,48,100,53,93
1729096356,TRUE,1807,95,90,74,49,43,14,59,28,13,29
1729096359,FALSE,2700,21,44,105,33,11,14,18,8,30,100
1729096360,FALSE,2752,10,51,13,54,110,102,28,104,12,56
1729096362,FALSE,2447,54,67,19,74,69,30,21,62,109,59
1729096364,FALSE,1636,8,41,17,30,62,32,11,75,7,61
1729096365,TRUE,1852,63,28,44,99,59,54,33,23,55,35
1729096366,TRUE,2128,44,12,104,30,42,6,81,4,7,70
1729096367,FALSE,2373,53,26,62,21,17,15,27,95,11,71
1729096368,TRUE,2133,5,69,77,30,79,73,58,105,11,101
1729096369,TRUE,2555,14,86,104,15,7,97,58,8,4,30
1729096394,TRUE,2705,11,14,51,16,75,17,9,12,35,79
1729096395,FALSE,2132,6,55,104,92,51,27,91,18,26,78
1729096397,TRUE,2704,47,14,59,32,31,49,13,2,62,104
1729096400,TRUE,1959,105,93,101,33,25,14,4,11,36,55
1729096401,TRUE,3423,100,88,30,35,16,83,27,11,41,76
1729096402,FALSE,2154,62,11,104,20,21,47,29,46,36,28
1729096404,FALSE,2160,46,7,71,79,107,12,3,33,6,62
1729096405,FALSE,1722,5,15,47,49,93,72,98,39,100,62
1729096406,TRUE,2197,52,1,59,112,85,74,87,72,68,100
1729096407,TRUE,3109,10,103,2,15,93,99,104,101,7,4
1729096408,TRUE,2407,28,59,73,4,43,95,62,1,22,87
1729096409,TRUE,2965,17,63,86,57,104,96,48,39,7,19
1729096410,TRUE,2598,104,43,97,28,46,41,85,52,7,2
1729096412,TRUE,2284,8,42,84,17,44,47,20,49,4,35
1729096413,TRUE,2648,35,12,25,102,39,94,28,93,11,8
1729096414,TRUE,2612,25,97,100,21,85,86,37,34,53,30
1729096415,FALSE,2213,101,11,6,1,17,14,54,61,57,21
1729096416,FALSE,3615,105,106,86,4,93,33,88,7,1,52
1729096417,TRUE,2618,36,87,16,11,1,74,83,18,100,17
1729096418,FALSE,2726,28,100,39,71,60,33,42,12,6,86
1729096444,FALSE,3088,39,86,2,25,18,58,8,22,71,31
1729096445,TRUE,2993,44,35,14,60,89,34,105,4,1,16
1729096447,FALSE,2172,1,75,74,100,96,97,110,8,4,112
1729096449,TRUE,2397,39,8,29,62,25,17,106,21,55,26
1729096450,TRUE,2390,68,39,49,100,84,35,30,62,88,44
1729096451,FALSE,3646,10,4,91,62,17,44,25,6,22,8
1729096452,TRUE,1923,12,107,29,31,11,72,2,9,25,93
1729096453,TRUE,2043,48,5,94,49,88,21,7,59,44,51
1729096454,TRUE,2142,22,53,4,42,105,103,75,86,106,5
1729096456,TRUE,1976,104,44,42,46,35,6,70,32,54,74
1729096457,TRUE,3026,70,14,1,96,20,101,5,21,19,37
1729096458,TRUE,1977,93,72,21,40,28,4,12,15,14,9
1729096459,FALSE,2249,95,93,39,4,7,47,32,66,27,102
1729096460,TRUE,2803,40,97,25,93,6,41,42,9,14,99
1729096462,TRUE,2552,2,11,75,49,62,12,25,27,7,46
1729096463,TRUE,2839,12,97,21,25,10,112,78,67,9,68
1729096464,FALSE,1993,21,84,26,60,11,86,47,4,7,39
1729096465,TRUE,2362,83,86,72,4,46,103,25,12,51,7
1729096466,TRUE,2103,25,8,88,71,52,50,39,4,7,1
1729096467,TRUE,2301,22,49,4,104,86,17,44,53,14,57
1729096483,TRUE,2268,39,35,72,30,75,51,21,81,17,26
1729096484,FALSE,2464,100,62,15,68,61,63,30,22,28,86
1729096485,TRUE,2012,8,21,4,20,99,7,17,19,27,75
1729096486,FALSE,3040,78,94,99,73,1,95,102,100,15,63
1729096487,FALSE,2991,41,40,13,86,20,36,56,45,39,4
1729096490,TRUE,2875,101,57,14,11,8,110,9,68,39,93
1729096491,FALSE,2743,14,41,17,101,45,62,97,81,105,74
1729096493,FALSE,2384,39,95,5,32,104,4,46,70,26,28
1729096494,FALSE,3865,21,94,50,17,4,34,1,35,111,12
1729096495,FALSE,2575,59,7,18,4,30,12,14,8,35,51
1729096496,TRUE,2965,53,28,58,47,21,17,9,44,8,70
1729096497,TRUE,2083,23,57,93,63,26,92,17,1,54,20
1729096498,FALSE,2922,74,93,41,35,1,17,43,59,32,14
1729096517,TRUE,2034,34,98,105,109,86,8,14,1,97,27
1729096518,FALSE,3305,15,7,2,27,22,18,89,11,50,9
1729096519,TRUE,1780,5,71,57,93,8,12,22,1,107,83
1729096521,FALSE,3200,79,82,14,54,6,53,25,44,31,19
1729096525,FALSE,2153,59,14,7,74,6,18,71,75,32,65
1729096526,TRUE,3179,68,30,84,14,34,32,62,19,99,8
1729096527,TRUE,2069,41,22,94,54,96,35,25,84,46,14
1729096528,FALSE,3607,21,9,93,39,44,6,60,35,46,1
1729096541,FALSE,2596,39,93,19,71,105,28,52,36,46,100
1729096542,TRUE,2260,87,8,70,14,28,21,4,94,26,47
1729096543,FALSE,2252,1,16,83,11,22,4,44,14,51,26
1729096544,FALSE,3390,74,29,112,68,0,13,32,30,101,106
1729096545,TRUE,2430,35,95,15,8,93,68,106,48,29,55
1729096547,FALSE,2095,85,86,73,55,8,46,93,20,102,91
1729096548,TRUE,2552,100,104,81,75,67,4,52,44,9,62
1729096549,TRUE,2706,16,62,67,40,25,35,2,55,14,13
1729096550,TRUE,2315,8,26,30,85,23,37,16,43,12,36
1729096551,FALSE,2213,8,54,14,98,87,94,5,27,4,75
1729096552,TRUE,2041,4,97,57,21,72,104,50,88,17,8
1729096553,TRUE,1596,62,104,86,52,70,48,16,31,81,64
1729096554,TRUE,2526,54,4,58,99,93,70,72,29,81,14
1729096555,FALSE,2784,17,73,33,30,62,32,1,44,25,71
1729096556,TRUE,2433,7,97,12,74,1,28,93,62,46,17
1729096558,TRUE,3035,28,22,26,95,32,36,30,11,44,86
1729096573,FALSE,2727,9,21,12,70,17,100,71,30,96,44
1729096574,TRUE,1895,1,62,107,39,104,77,11,52,7,12
1729096575,FALSE,1951,100,104,62,28,12,44,70,11,41,14
1729096576,TRUE,2957,52,1,33,44,36,14,27,11,41,21
1729096578,FALSE,2278,44,1,26,74,54,55,39,18,7,85
1729096579,FALSE,3878,104,7,11,72,30,14,35,25,22,51
1729096580,TRUE,2965,53,26,22,88,78,59,27,84,54,112
1729096581,TRUE,2643,101,22,70,51,2,25,26,60,39,72
1729096582,TRUE,1884,4,81,74,8,76,22,7,94,99,21
1729096583,TRUE,1638,85,72,52,21,26,30,112,106,67,87
1729096585,TRUE,2136,42,85,14,70,4,48,62,64,29,8
1729096587,TRUE,3125,5,73,21,50,94,59,100,17,70,105
1729096588,TRUE,1447,30,2,17,12,53,107,67,16,86,51
1729096608,TRUE,3028,41,52,21,22,86,39,97,7,72,17
1729096609,FALSE,1341,95,39,53,30,9,100,105,74,85,62
1729096610,TRUE,3335,19,57,110,30,89,69,95,31,86,70
1729096611,TRUE,2709,54,5,21,20,70,2,1,15,35,49
1729096612,TRUE,2662,72,77,39,20,67,100,44,51,104,62
1729096613,TRUE,1829,2,3,75,27,35,18,6,4,25,42
1729096614,FALSE,2391,62,58,111,1,56,78,53,3,12,46
1729096615,FALSE,2135,35,25,14,70,77,22,32,8,48,44
1729096616,FALSE,2339,25,20,88,32,8,28,11,29,63,22
1729096617,TRUE,2421,56,4,36,49,21,95,33,74,44,12
1729096618,FALSE,3188,23,5,1,68,34,79,22,35,82,51
1729096641,FALSE,2188,48,1,69,104,12,71,112,14,68,8
1729096642,TRUE,3366,47,61,25,88,52,74,21,33,20,106
1729096643,TRUE,3164,41,2,102,11,18,27,13,68,51,60
1729096644,TRUE,3013,95,37,11,27,96,20,7,41,44,28
1729096645,FALSE,2673,8,17,30,74,41,36,110,14,106,93
1729096646,FALSE,2526,14,74,32,57,1,7,99,86,72,103
1729096647,FALSE,2632,31,96,75,70,48,67,51,25,4,23
1729096648,FALSE,3229,46,91,12,4,30,7,75,51,50,17
1729096650,TRUE,3088,3,53,81,11,93,8,4,74,7,1
1729096652,FALSE,1969,25,41,15,69,26,19,12,93,5,27
1729096653,FALSE,483,5,1,53,75,82,42,46,73,111,71
1729096676,FALSE,1934,101,107,25,67,71,44,16,51,7,4
1729096677,TRUE,3179,63,22,8,86,7,43,75,32,25,112
1729096678,FALSE,2364,12,2,14,104,60,95,36,76,100,59
1729096679,FALSE,2412,44,30,74,27,56,9,8,21,6,94
1729096681,FALSE,2257,36,53,46,41,76,59,11,20,77,45
1729096682,TRUE,3549,25,7,93,4,21,100,41,32,35,71
1729096683,TRUE,2706,54,16,51,68,64,79,80,97,20,89
1729096685,FALSE,2437,25,2,44,21,91,8,49,30,14,34
1729096686,TRUE,3968,1,73,21,107,30,19,62,69,68,99
1729096687,TRUE,2889,17,33,55,89,16,14,106,9,75,86
1729096688,TRUE,2437,14,94,5,96,7,45,81,73,31,71
1729096689,FALSE,3257,38,2,21,62,89,31,106,58,47,59
1729096690,TRUE,3938,105,4,54,1,19,104,39,42,14,7
1729096721,TRUE,3029,28,52,104,11,25,48,100,112,17,86
1729096722,TRUE,3063,97,4,95,22,105,1,32,70,63,111
1729096723,FALSE,2360,72,41,100,46,6,23,44,32,59,75
1729096724,FALSE,2708,94,4,9,14,25,57,1,21,34,112
1729096726,TRUE,3209,45,59,28,44,76,64,5,106,22,32
1729096727,TRUE,2443,72,14,95,22,33,17,7,12,86,85
1729096728,FALSE,2253,14,95,75,53,62,57,17,9,28,8
1729096729,TRUE,2009,67,59,17,8,5,104,30,72,62,89
1729096731,FALSE,2485,12,39,87,36,4,74,93,100,34,37
1729096732,FALSE,2736,77,32,11,28,19,60,62,74,54,23
1729096733,TRUE,2029,7,12,48,69,30,37,78,96,71,83
1729096735,FALSE,2061,63,76,57,12,14,104,17,44,48,85
1729096736,TRUE,3634,44,4,47,7,105,86,93,64,21,22
1729096762,TRUE,3234,71,11,93,50,72,8,63,5,21,70
1729096764,TRUE,2866,4,93,87,39,41,62,97,102,22,11
1729096765,FALSE,3808,85,1,4,25,2,105,21,8,39,17
1729096766,FALSE,2929,21,35,1,47,22,11,42,88,32,5
1729096769,FALSE,2307,29,16,97,56,45,105,100,8,99,39
1729096771,FALSE,2160,31,96,94,8,106,5,93,75,2,37
1729096772,FALSE,2271,43,29,52,35,39,76,44,6,19,49
1729096773,FALSE,1907,21,30,44,17,62,7,74,75,104,81
1729096774,TRUE,2874,32,1,41,59,27,100,44,104,62,28
1729096775,TRUE,2799,35,23,93,64,110,47,8,96,53,98
1729096778,TRUE,2334,60,103,106,45,37,84,3,39,32,30
1729096779,TRUE,1381,98,9,34,6,2,74,18,81,56,41
1729096780,TRUE,2593,11,21,93,50,23,17,67,100,58,105
1729096782,TRUE,1961,53,54,17,59,12,7,64,104,33,67
1729096783,TRUE,1659,20,8,100,46,39,93,62,104,21,27
1729096784,TRUE,2048,14,68,30,39,44,45,22,95,11,8
1729096785,TRUE,2605,46,51,65,11,32,4,18,5,30,15
1729096796,FALSE,3644,5,8,11,30,59,1,57,71,7,21
1729096797,FALSE,2838,74,100,32,4,27,67,28,69,11,5
1729096798,FALSE,3537,81,60,17,35,32,68,48,63,31,103
1729096799,TRUE,2001,86,105,47,55,70,35,49,112,36,100
1729096800,TRUE,2216,96,1,69,32,58,29,74,25,98,63
1729096802,TRUE,2060,39,109,12,29,8,70,38,32,77,21
1729096805,FALSE,2106,60,29,11,14,25,99,6,41,44,71
1729096806,FALSE,1349,63,109,64,73,19,38,78,97,36,96
1729096807,FALSE,2321,51,106,66,98,56,32,52,72,22,4
1729096828,FALSE,2513,25,93,19,62,14,29,44,83,30,55
1729096829,TRUE,2749,94,62,11,110,18,25,65,70,9,14
1729096831,TRUE,2208,35,90,93,1,70,47,55,84,2,4
1729096832,TRUE,2744,74,72,39,21,62,79,18,42,96,4
1729096833,TRUE,3023,93,75,44,21,2,14,79,63,7,12
1729096834,TRUE,3461,72,87,59,35,57,14,104,50,25,67
1729096835,FALSE,2742,98,4,25,50,21,100,60,30,94,85
1729096838,TRUE,1992,12,111,93,81,56,73,85,88,10,47
1729096839,FALSE,599,0,76,6,30,71,34,87,105,49,74
1729096840,FALSE,2923,60,8,39,47,32,100,4,18,20,48
1729096841,TRUE,3249,14,74,82,41,52,62,67,39,9,5
1729096843,FALSE,3459,78,50,21,91,81,36,56,41,7,55
1729096844,FALSE,2392,12,60,41,54,71,49,21,35,111,14
1729096867,TRUE,3181,11,9,29,4,28,17,39,36,44,70
1729096868,TRUE,2277,26,8,45,21,72,17,11,93,51,89
1729096869,FALSE,2986,26,46,107,25,48,12,17,93,22,105
1729096871,TRUE,3120,9,35,52,67,7,5,21,25,93,88
1729096872,FALSE,2995,54,35,27,26,2,13,5,62,4,25
1729096873,TRUE,2162,59,20,106,25,85,100,97,74,17,63
1729096874,TRUE,3681,62,41,40,39,42,4,111,57,74,32
1729096875,TRUE,2243,39,104,5,89,63,36,15,42,73,82
1729096876,FALSE,2898,85,57,6,74,72,9,71,83,11,102
1729096877,FALSE,2655,34,75,41,100,85,23,15,43,44,69
1729096879,TRUE,403,52,7,93,2,1,39,34,33,25,19
1729096880,TRUE,2155,76,15,36,109,49,69,5,17,8,50
1729096881,TRUE,2276,64,85,72,97,48,75,39,104,2,90
1729096882,FALSE,2753,6,14,95,3,15,52,11,97,106,25
1729096884,FALSE,2563,12,8,82,22,5,87,4,14,35,17
1729096885,FALSE,1582,25,72,84,88,52,85,57,11,45,59
1729096903,FALSE,1708,30,17,67,102,62,14,22,4,11,105
1729096904,TRUE,2428,20,21,59,30,27,55,97,44,4,104
1729096905,TRUE,1832,63,5,6,84,68,44,3,46,74,22
1729096906,FALSE,3096,21,25,68,28,33,62,4,75,17,48
1729096907,TRUE,3198,62,59,1,76,50,35,25,5,7,39
1729096908,FALSE,2306,8,14,20,54,53,42,87,109,74,95
1729096910,TRUE,2578,7,14,48,4,54,104,63,11,49,59
1729096911,TRUE,1535,7,62,22,19,4,59,35,21,97,6
1729096912,TRUE,1761,67,7,90,75,97,4,35,5,37,21
1729096914,TRUE,2375,4,65,28,72,8,99,60,95,55,51
1729096915,TRUE,3202,109,26,27,77,35,105,62,112,55,99
1729096916,FALSE,2149,48,106,27,30,44,14,32,60,20,35
1729096917,TRUE,580,105,84,86,15,56,79,6,90,95,41
1729096918,FALSE,3564,62,83,66,59,13,6,102,14,21,23
1729096919,TRUE,2412,56,14,36,15,8,1,11,50,53,80
1729096920,TRUE,3131,102,35,21,68,105,9,100,6,11,4
1729096922,TRUE,2992,110,41,57,68,15,64,7,46,39,23
1729096944,FALSE,2137,8,17,44,62,19,1,14,4,22,21
1729096946,TRUE,1784,80,2,94,52,21,47,26,44,70,54
1729096949,TRUE,1517,6,28,33,32,78,87,82,58,86,104
1729096952,FALSE,2575,7,65,5,100,62,13,29,82,50,18
1729096953,FALSE,1533,19,42,4,14,39,11,105,34,71,32
1729096954,TRUE,2099,9,51,60,39,72,14,40,1,93,62
1729096955,FALSE,2750,2,44,22,62,74,93,75,105,72,17
1729096956,FALSE,4096,39,37,97,106,81,72,100,28,50,35
1729096958,TRUE,3033,20,86,40,67,58,107,37,4,42,57
1729096959,TRUE,426,35,53,18,56,69,77,101,66,62,73
1729096985,TRUE,2366,93,28,25,55,48,35,2,88,36,14
1729096986,TRUE,1115,7,11,104,21,72,34,4,75,8,88
1729096987,TRUE,1790,47,59,17,21,19,2,71,45,93,8
1729096988,TRUE,1881,71,100,7,28,2,14,44,51,32,42
1729096989,FALSE,1396,67,16,78,42,79,53,85,18,27,106
1729096990,TRUE,2619,5,11,41,14,6,97,75,86,48,44
1729096991,TRUE,2117,6,22,47,100,70,18,35,44,63,48
1729096992,TRUE,2008,65,11,8,17,2,35,23,29,50,22
1729096993,FALSE,3363,105,4,74,99,25,31,94,100,75,7
1729096994,FALSE,2201,54,61,17,32,105,52,84,8,14,21
1729096995,FALSE,2656,4,36,5,63,107,57,93,53,55,69
1729096996,TRUE,2521,52,7,4,12,21,62,1,28,57,11
1729096997,TRUE,2621,14,84,81,19,4,74,6,77,86,69
1729096999,FALSE,2541,85,16,8,60,75,101,27,48,9,70
1729097000,TRUE,3630,6,25,53,7,56,21,14,85,17,27
1729097002,TRUE,3098,75,31,50,90,105,3,82,9,15,106
1729097003,FALSE,3499,14,4,25,31,41,9,21,27,46,76
1729097004,FALSE,2184,1,36,76,5,35,4,72,28,9,14
1729097005,FALSE,2187,46,8,71,25,52,111,7,64,4,44
1729097006,TRUE,1826,34,8,27,70,32,56,49,59,91,14
1729097007,FALSE,3216,14,8,41,15,105,38,22,21,32,19
1729097008,TRUE,2120,81,20,101,36,32,94,89,85,51,65
1729097009,FALSE,2313,56,30,72,31,26,59,62,37,5,75
1729097010,FALSE,3736,106,4,94,84,105,26,25,36,15,49
1729097011,TRUE,2644,98,14,4,50,49,7,17,93,25,78
1729097012,FALSE,3038,36,80,34,70,61,68,2,95,59,86
1729097014,TRUE,1816,26,75,4,7,14,19,8,39,1,99
1729097032,TRUE,2512,105,66,42,10,75,93,71,29,94,99
1729097034,FALSE,2206,42,12,26,77,43,50,94,7,104,28
1729097035,FALSE,2687,70,14,57,8,23,28,63,44,7,96
1729097036,FALSE,1719,85,88,17,72,26,39,71,1,11,5
1729097037,FALSE,3793,5,2,46,71,47,19,74,60,57,62
1729097038,TRUE,3225,62,44,105,17,39,69,11,88,7,92
1729097039,FALSE,3185,1,15,51,53,52,44,94,35,111,82
1729097040,FALSE,1918,35,26,44,54,74,68,104,20,33,34
1729097041,TRUE,3065,14,26,35,2,22,95,30,52,110,41
1729097042,FALSE,2589,75,53,61,42,46,85,7,81,72,25
1729097043,FALSE,2292,25,99,42,21,4,32,39,85,96,68
1729097044,TRUE,2811,34,93,1,5,7,90,63,39,101,100
1729097045,TRUE,1948,14,85,44,36,34,1,51,53,21,30
1729097046,FALSE,1537,62,29,71,54,25,98,85,7,112,6
1729097047,FALSE,2650,5,11,44,86,26,104,84,20,67,23
1729097076,FALSE,2869,46,106,16,79,39,102,75,17,48,71
1729097077,FALSE,1393,6,42,45,104,41,52,14,27,1,2
1729097078,TRUE,2783,48,34,46,9,35,104,18,8,33,32
1729097079,TRUE,2332,5,16,17,14,1,74,4,21,84,46
1729097081,TRUE,4004,53,23,59,2,49,105,97,62,7,8
1729097082,TRUE,1990,23,5,8,43,44,45,4,70,12,80
1729097084,FALSE,2311,93,99,71,29,44,85,57,33,21,12
1729097085,FALSE,2996,42,62,82,25,44,23,37,21,32,14
1729097086,FALSE,2728,18,85,5,17,53,97,105,4,1,86
1729097087,TRUE,4501,95,11,112,72,105,7,5,14,23,52
1729097088,TRUE,1600,8,72,96,82,94,112,111,56,57,90
1729097089,TRUE,2153,62,44,28,57,51,70,48,73,32,35
1729097090,FALSE,4026,100,51,57,14,6,82,35,22,7,74
1729097091,TRUE,1892,62,14,1,105,47,34,44,40,13,109
1729097113,TRUE,3574,85,7,52,71,1,25,11,36,4,67
1729097114,FALSE,2449,20,1,21,72,85,50,59,62,94,47
1729097115,FALSE,3262,41,18,11,5,71,59,44,12,81,7
1729097116,TRUE,2924,72,36,27,34,30,64,37,79,31,43
1729097117,FALSE,2424,25,50,63,73,90,77,2,96,43,31
1729097118,TRUE,3773,22,100,39,11,80,31,51,85,88,14
1729097119,TRUE,2132,1,86,110,7,11,29,54,8,49,45
1729097120,FALSE,2873,106,34,26,85,4,111,17,62,44,81
1729097121,FALSE,2746,28,98,34,12,36,22,1,21,30,70
1729097122,TRUE,3184,36,98,112,40,32,72,4,25,8,57
1729097131,FALSE,3394,98,95,26,90,74,63,19,16,84,27
1729097132,FALSE,1839,12,11,91,1,99,36,68,112,21,62
1729097133,FALSE,3033,2,33,92,32,6,12,4,19,44,22
1729097134,FALSE,2612,59,11,28,52,1,27,49,53,94,71
1729097135,FALSE,3048,105,35,14,70,68,25,41,104,5,71
1729097164,TRUE,3071,14,7,32,18,49,31,54,104,74,53
1729097165,TRUE,3162,32,100,35,10,81,75,98,49,42,11
1729097166,FALSE,2291,4,52,78,46,19,22,25,60,94,30
1729097167,FALSE,2631,57,34,4,39,8,41,93,11,101,112
1729097168,FALSE,2718,67,86,7,45,47,4,93,85,17,52
1729097170,FALSE,2242,1,17,56,14,7,105,57,62,48,32
1729097171,FALSE,2932,12,99,15,4,104,32,47,2,106,27
1729097172,FALSE,1642,85,43,53,82,36,16,21,31,47,64
1729097173,FALSE,2542,25,44,23,62,29,28,93,15,21,22
1729097174,FALSE,1847,86,23,17,81,80,71,56,44,7,11
1729097175,TRUE,2222,101,59,35,32,44,14,72,77,95,66
1729097176,FALSE,1440,107,71,11,16,43,35,52,51,50,7
1729097178,FALSE,2187,67,14,35,8,32,81,48,37,36,30
1729097180,FALSE,2724,90,63,47,34,14,61,70,36,52,105
1729097181,FALSE,3280,74,94,62,17,71,101,11,14,67,104
1729097183,TRUE,1921,70,27,100,74,35,20,73,39,37,14
1729097200,TRUE,2306,49,14,1,20,87,84,41,27,34,13
1729097201,FALSE,2392,83,70,17,72,11,32,74,25,62,27
1729097202,TRUE,3097,16,46,44,4,2,26,72,53,85,39
1729097203,FALSE,2692,14,32,44,63,67,35,54,5,4,105
1729097204,FALSE,2980,1,75,17,105,2,14,97,112,26,106
1729097206,TRUE,1981,37,43,4,7,72,56,32,14,35,8
1729097207,TRUE,2544,102,17,1,58,105,75,39,88,100,22
1729097209,FALSE,2163,70,63,31,7,97,83,12,4,75,21
1729097210,TRUE,2692,44,12,20,47,21,52,88,14,65,30
1729097211,FALSE,2313,17,2,9,56,70,4,85,6,84,39
1729097212,TRUE,2111,53,5,35,19,21,4,30,71,7,74
1729097227,FALSE,3150,59,14,85,98,27,93,39,42,89,97
1729097228,TRUE,3407,7,63,21,4,8,14,52,35,25,81
1729097229,TRUE,1760,21,17,4,86,44,8,43,11,74,78
1729097230,FALSE,1536,12,50,14,98,51,71,36,2,72,52
1729097231,TRUE,3002,29,46,45,86,101,12,39,14,7,25
1729097232,FALSE,2215,83,1,19,17,44,40,84,22,59,4
1729097234,TRUE,2460,14,31,11,65,101,28,112,90,22,72
1729097235,TRUE,108,71,62,27,93,11,17,21,76,35,7
1729097236,TRUE,3264,8,17,105,50,1,97,103,10,14,62
1729097237,FALSE,2991,71,62,8,17,25,4,36,73,44,52
1729097238,TRUE,1862,62,8,97,110,11,71,72,100,85,17
1729097240,TRUE,1648,62,26,99,53,14,5,86,106,34,58
1729097241,TRUE,1890,11,4,35,9,94,95,62,99,17,71
1729097242,TRUE,3574,93,50,59,14,55,19,11,71,32,21
1729097247,FALSE,2538,1,46,34,51,62,16,32,102,22,25
1729097248,FALSE,3015,11,85,104,4,5,17,73,35,68,93
1729097249,TRUE,1965,93,76,85,19,80,96,59,53,78,97
1729097265,FALSE,954,67,16,17,9,35,1,71,75,40,11
1729097266,TRUE,2251,62,25,39,67,47,7,56,17,22,99
1729097267,TRUE,2001,71,17,83,72,39,11,49,110,101,22
1729097268,FALSE,1943,83,74,46,51,41,43,47,78,67,11
1729097269,FALSE,2657,44,14,76,52,12,104,25,48,21,7
1729097270,FALSE,3108,100,25,6,8,28,93,105,42,31,43
1729097271,FALSE,3506,97,19,21,7,4,70,54,10,36,11
1729097274,FALSE,1806,17,31,37,99,106,77,81,35,92,51
1729097275,TRUE,5543,11,29,72,47,51,17,14,6,21,20
1729097276,TRUE,2458,97,96,74,8,69,23,16,60,64,46
1729097277,FALSE,3288,88,7,106,1,61,11,40,12,62,70
1729097279,TRUE,2351,100,112,105,11,106,22,4,72,9,69
1729097281,FALSE,3313,35,11,25,63,21,14,85,4,86,54
1729097282,FALSE,2349,33,85,44,99,14,93,70,25,5,56
1729097283,TRUE,1639,51,20,38,66,10,25,35,34,44,72
1729097308,FALSE,1463,6,86,4,110,11,55,70,21,60,5
1729097309,FALSE,1736,94,10,2,104,76,4,102,17,13,33
1729097311,FALSE,3582,1,8,53,99,13,93,63,18,26,49
1729097312,TRUE,2721,10,2,14,56,47,12,71,105,66,11
1729097313,TRUE,1589,46,33,18,11,93,8,20,32,4,26
1729097314,FALSE,1430,1,70,14,72,31,41,58,62,53,71
1729097315,TRUE,3850,86,85,12,74,33,25,71,1,110,52
1729097316,TRUE,1617,1,44,70,34,19,32,30,47,17,6
1729097317,FALSE,2127,69,53,38,99,48,32,50,58,54,11
1729097318,TRUE,3224,88,82,63,60,2,48,7,101,21,42
1729097319,TRUE,2426,75,97,41,2,43,11,74,55,54,100
1729097321,TRUE,2855,35,46,105,106,73,21,28,11,102,18
1729097322,TRUE,2912,18,90,60,88,105,10,27,77,21,37
1729097323,TRUE,3244,105,74,75,85,1,98,100,17,90,41
1729097346,FALSE,3160,39,55,112,72,51,101,70,57,2,5
1729097348,FALSE,2427,101,106,2,1,74,11,93,4,25,17
1729097349,TRUE,3140,20,15,77,14,7,48,51,62,86,17
1729097350,FALSE,2299,106,29,22,93,78,74,7,4,85,94
1729097351,TRUE,1111,75,17,62,12,21,60,22,7,1,57
1729097352,FALSE,2839,86,21,18,28,34,2,56,52,90,7
1729097353,TRUE,2409,4,72,62,35,19,12,75,54,53,23
1729097354,TRUE,2614,44,110,80,57,37,71,53,14,11,36
1729097355,FALSE,4012,106,88,104,29,44,26,18,98,68,4
1729097356,TRUE,3442,57,2,32,56,21,74,75,14,7,59
1729097357,TRUE,1496,14,89,12,39,1,19,7,74,104,17
1729097358,TRUE,3381,93,44,7,10,17,8,59,62,32,11
1729097359,FALSE,2751,25,39,93,88,28,62,52,1,29,69
1729097360,FALSE,3062,14,43,32,74,4,44,89,82,59,2
1729097361,FALSE,2378,21,100,2,20,77,30,85,22,62,8
1729097362,FALSE,2323,74,57,48,49,105,1,39,28,40,43
1729097363,FALSE,2932,44,20,85,53,52,5,37,8,17,34
1729097365,FALSE,1814,72,14,105,67,57,112,50,42,22,52
1729097366,FALSE,3501,14,20,86,41,11,22,9,21,8,58
1729097386,FALSE,2846,30,12,6,26,39,8,31,66,47,25
1729097387,FALSE,2318,62,63,35,19,43,34,51,78,9,106
1729097390,TRUE,1940,28,57,94,105,8,81,14,44,17,104
1729097391,FALSE,3056,14,81,36,42,71,20,50,22,107,54
1729097392,TRUE,2580,93,74,4,22,71,70,25,11,60,100
1729097393,TRUE,4180,53,32,11,72,52,99,4,1,34,39
1729097394,TRUE,2240,6,50,26,12,68,56,111,109,88,73
1729097395,TRUE,1925,39,84,86,22,110,49,26,17,89,47
1729097396,FALSE,2012,4,86,62,42,59,51,112,17,68,12
1729097397,TRUE,2881,67,4,19,46,101,32,17,14,7,70
1729097398,TRUE,1771,11,1,2,80,20,4,86,39,74,52
1729097399,TRUE,3444,40,59,46,33,79,76,90,112,63,11
1729097400,TRUE,3239,89,39,86,8,83,62,59,105,100,28
1729097418,FALSE,2882,34,94,7,72,85,74,18,71,8,86
1729097420,TRUE,2366,6,99,40,70,17,47,16,18,14,66
1729097421,FALSE,3353,41,52,98,105,42,11,50,12,20,15
1729097422,TRUE,2826,20,47,4,29,42,109,40,93,35,75
1729097423,FALSE,2693,22,35,6,15,20,52,44,4,5,2
1729097424,FALSE,1957,25,14,4,6,56,104,11,105,100,1
1729097425,FALSE,1514,70,44,30,56,61,93,31,27,14,5
1729097426,FALSE,3431,58,106,5,88,94,110,72,85,100,97
1729097427,TRUE,3227,19,93,16,18,86,21,6,5,98,110
1729097428,TRUE,2449,2,9,42,32,86,60,74,62,12,69
1729097429,FALSE,2629,70,35,14,47,105,90,32,25,44,22
1729097452,TRUE,2338,72,86,39,49,104,84,105,21,71,97
1729097453,FALSE,2977,56,72,74,92,97,107,104,102,39,2
1729097454,FALSE,2039,95,26,14,78,75,52,49,3,57,99
1729097455,TRUE,3254,22,16,1,25,71,49,14,72,35,17
1729097456,FALSE,1829,4,17,73,14,104,9,50,72,39,85
1729097457,FALSE,2064,46,62,75,101,87,31,81,30,35,18
1729097458,FALSE,2165,48,97,56,21,1,22,93,71,8,25
1729097459,FALSE,3306,87,21,14,40,41,109,75,5,56,34
1729097461,FALSE,3198,8,14,53,104,50,73,22,11,5,75
1729097462,TRUE,1965,53,44,51,47,86,7,106,9,1,49
1729097463,TRUE,2248,64,15,26,16,49,32,106,44,70,40
1729097464,FALSE,3136,54,59,65,9,72,84,75,74,62,3
1729097465,TRUE,2197,63,105,39,4,46,45,51,9,18,17
1729097477,TRUE,2868,71,54,22,11,5,2,56,17,51,105
1729097478,FALSE,2801,72,106,16,32,7,21,10,29,71,11
1729097479,FALSE,2276,17,4,107,23,32,57,44,62,40,41
1729097480,TRUE,2281,61,4,43,46,75,82,2,53,11,107
1729097482,FALSE,2959,48,51,21,52,33,39,99,14,73,75
1729097483,TRUE,2282,7,19,20,97,46,21,23,99,86,12
1729097484,FALSE,2033,61,77,72,21,26,39,25,88,81,74
1729097485,TRUE,2775,68,56,99,52,102,39,72,106,38,18
1729097486,FALSE,2404,56,46,8,88,21,67,75,99,11,49
1729097488,FALSE,2155,65,34,77,7,10,88,21,46,50,112
